"","datetime_minute","AbsPressure","Depth","Salinity","Temperature"
"1",2021-01-15 09:56:00,104.382666666667,0.259666666666667,NA,29.17
"2",2021-01-15 09:57:00,104.3364,0.2552,NA,29.1483333333333
"3",2021-01-15 09:58:00,104.7185,0.293166666666667,34.31375604,29.1466666666667
"4",2021-01-15 09:59:00,104.457,0.267333333333333,NA,29.1233333333333
"5",2021-01-15 10:00:00,104.442833333333,0.265666666666667,34.30579615,29.13
"6",2021-01-15 10:01:00,104.634166666667,0.2845,34.323389992,29.125
"7",2021-01-15 10:02:00,104.548833333333,0.276333333333333,34.2868336533333,29.1066666666667
"8",2021-01-15 10:03:00,104.2084,0.24475,34.2181202266667,29.15
"9",2021-01-15 10:04:00,104.439666666667,0.265333333333333,34.2142404966667,29.1483333333333
"10",2021-01-15 10:05:00,104.666666666667,0.288166666666667,34.1674540516667,29.16
"11",2021-01-15 10:06:00,104.411,0.262666666666667,34.1124922766667,29.1816666666667
"12",2021-01-15 10:07:00,104.400666666667,0.2615,34.0928512633333,29.1866666666667
"13",2021-01-15 10:08:00,104.477,0.269,34.0824908333333,29.195
"14",2021-01-15 10:09:00,104.652,0.286333333333333,34.062370565,29.1983333333333
"15",2021-01-15 10:10:00,104.3006,0.2516,34.0385466083333,29.21
"16",2021-01-15 10:11:00,104.585833333333,0.279666666666667,34.1471887633333,29.2016666666667
"17",2021-01-15 10:12:00,104.425166666667,0.2702,34.1307333166667,29.1966666666667
"18",2021-01-15 10:13:00,104.496833333333,0.271,34.06669747,29.1766666666667
"19",2021-01-15 10:14:00,104.405166666667,0.261833333333333,34.0165289333333,29.1133333333333
"20",2021-01-15 10:15:00,104.491166666667,0.270666666666667,34.0210405,29
"21",2021-01-15 10:16:00,104.425166666667,0.263833333333333,33.9846254916667,NA
"22",2021-01-15 10:17:00,104.522666666667,0.273666666666667,33.9933898783333,NA
"23",2021-01-15 10:18:00,104.588666666667,0.280166666666667,33.988463745,NA
"24",2021-01-15 10:19:00,104.430833333333,0.264333333333333,33.8461950866667,NA
"25",2021-01-15 10:20:00,104.526,0.274166666666667,33.6441220383333,28.83
"26",2021-01-15 10:21:00,104.479333333333,0.269333333333333,33.8427697216667,28.834
"27",2021-01-15 10:22:00,104.3445,0.256,33.85785871,NA
"28",2021-01-15 10:23:00,104.447833333333,0.266166666666667,33.7644604066667,28.845
"29",2021-01-15 10:24:00,104.364333333333,0.258,33.739844945,28.96
"30",2021-01-15 10:25:00,104.3374,0.2552,33.7487754483333,29.0683333333333
"31",2021-01-15 10:26:00,104.551,0.2765,33.7573223983333,29.05
"32",2021-01-15 10:27:00,104.473666666667,0.268666666666667,33.927191475,29.2083333333333
"33",2021-01-15 10:28:00,104.388,0.2602,33.8932463116667,29.1933333333333
"34",2021-01-15 10:29:00,104.433166666667,0.264666666666667,33.9481195,29.1733333333333
"35",2021-01-15 10:30:00,104.803833333333,0.301666666666667,33.8695272433333,29.17
"36",2021-01-15 10:31:00,104.375666666667,0.259166666666667,33.8323666666667,29.2483333333333
"37",2021-01-15 10:32:00,104.3226,0.2538,33.458259365,29.3783333333333
"38",2021-01-15 10:33:00,104.565166666667,0.278,33.5329068733333,29.2283333333333
"39",2021-01-15 10:34:00,104.508,0.272,32.93721463,29.1716666666667
"40",2021-01-15 10:35:00,104.3674,0.2582,32.9525181933333,29.26
"41",2021-01-15 10:36:00,104.435,0.264833333333333,33.5416225766667,29.2933333333333
"42",2021-01-15 10:37:00,104.4905,0.2705,33.0322406333333,29.2966666666667
"43",2021-01-15 10:38:00,104.375666666667,0.258666666666667,32.965594972,29.2983333333333
"44",2021-01-15 10:39:00,104.522,0.2736,33.113859466,29.3133333333333
"45",2021-01-15 10:40:00,104.458333333333,0.267333333333333,33.8889970533333,29.26
"46",2021-01-15 10:41:00,104.3208,0.2534,33.71563378,29.2866666666667
"47",2021-01-15 10:42:00,104.366833333333,0.258166666666667,33.6540394116667,29.3216666666667
"48",2021-01-15 10:43:00,104.5075,0.272333333333333,33.7408955733333,29.3533333333333
"49",2021-01-15 10:44:00,104.608166666667,0.282333333333333,33.78577357,29.345
"50",2021-01-15 10:45:00,104.30375,0.25175,33.67491314,29.375
"51",2021-01-15 10:46:00,104.341166666667,0.255666666666667,33.6385400466667,29.3716666666667
"52",2021-01-15 10:47:00,104.407166666667,0.262333333333333,33.55823038,29.3583333333333
"53",2021-01-15 10:48:00,104.585166666667,0.28,33.560756405,29.3616666666667
"54",2021-01-15 10:49:00,104.536166666667,0.274833333333333,33.672695275,29.4133333333333
"55",2021-01-15 10:50:00,104.3295,0.254166666666667,33.665963465,29.4033333333333
"56",2021-01-15 10:51:00,104.363833333333,0.257666666666667,33.6334187716667,29.4
"57",2021-01-15 10:52:00,104.306166666667,0.252166666666667,33.6646931416667,29.3833333333333
"58",2021-01-15 10:53:00,104.561833333333,0.277666666666667,33.6642325683333,29.405
"59",2021-01-15 10:54:00,104.335166666667,0.255166666666667,33.6771927133333,29.42
"60",2021-01-15 10:55:00,104.2575,0.247333333333333,33.6665718816667,29.4016666666667
"61",2021-01-15 10:56:00,104.5675,0.278166666666667,33.6440920266667,29.4166666666667
"62",2021-01-15 10:57:00,104.32,0.2536,33.5398415516667,29.3916666666667
"63",2021-01-15 10:58:00,104.27625,0.254666666666667,33.560220295,29.385
"64",2021-01-15 10:59:00,104.3484,0.2562,33.47317687,29.4283333333333
"65",2021-01-15 11:00:00,104.366833333333,0.258,33.4332752733333,29.4266666666667
"66",2021-01-15 11:01:00,104.30775,0.25225,33.483363715,29.385
"67",2021-01-15 11:02:00,104.3588,0.2576,33.4444468066667,29.385
"68",2021-01-15 11:03:00,104.4645,0.267833333333333,33.5837087533333,29.36
"69",2021-01-15 11:04:00,104.403,0.262,33.5987492083333,29.295
"70",2021-01-15 11:05:00,104.4208,0.2634,33.5991084916667,29.2433333333333
"71",2021-01-15 11:06:00,104.6068,0.2822,33.5813436416667,29.23
"72",2021-01-15 11:07:00,104.668,0.288333333333333,33.60006794,29.2133333333333
"73",2021-01-15 11:08:00,104.708333333333,0.292166666666667,33.6079050283333,29.1766666666667
"74",2021-01-15 11:09:00,104.533333333333,0.2745,33.6227231333333,29.1516666666667
"75",2021-01-15 11:10:00,104.564833333333,0.277833333333333,33.6651632033333,29.1183333333333
"76",2021-01-15 11:11:00,104.432666666667,0.2645,33.6989960816667,29.105
"77",2021-01-15 11:12:00,104.415666666667,0.263,33.7509530733333,29.09
"78",2021-01-15 11:13:00,104.3554,0.2572,33.749884535,29.09
"79",2021-01-15 11:14:00,104.412666666667,0.262666666666667,33.7936561466667,29.0666666666667
"80",2021-01-15 11:15:00,104.364,0.257833333333333,33.7931485416667,29.055
"81",2021-01-15 11:16:00,104.4346,0.2648,33.7916575866667,29.0516666666667
"82",2021-01-15 11:17:00,104.335333333333,0.255,33.8082983,29.0366666666667
"83",2021-01-15 11:18:00,104.252166666667,0.246666666666667,33.8151271033333,29.0316666666667
"84",2021-01-15 11:19:00,104.389666666667,0.2605,33.84376731,28.995
"85",2021-01-15 11:20:00,104.427333333333,0.264333333333333,33.8439529716667,28.9816666666667
"86",2021-01-15 11:21:00,104.4278,0.2642,33.85585952,28.995
"87",2021-01-15 11:22:00,104.470166666667,0.2685,33.8333573233333,29.0066666666667
"88",2021-01-15 11:23:00,104.639666666667,0.285333333333333,33.83912429,28.98
"89",2021-01-15 11:24:00,104.485833333333,0.27,33.8537503533333,28.9616666666667
"90",2021-01-15 11:25:00,104.444,0.266,33.8824202566667,28.9266666666667
"91",2021-01-15 11:26:00,104.717,0.293,33.8705941516667,28.9116666666667
"92",2021-01-15 11:27:00,104.685333333333,0.289833333333333,33.8892319283333,28.9016666666667
"93",2021-01-15 11:28:00,104.492833333333,0.270833333333333,33.915329605,28.895
"94",2021-01-15 11:29:00,104.610666666667,0.282333333333333,33.8871949583333,28.93
"95",2021-01-15 11:30:00,104.576333333333,0.279,33.8044881883333,29.0583333333333
"96",2021-01-15 11:31:00,104.461333333333,0.2675,33.932501145,28.844
"97",2021-01-15 11:32:00,104.487166666667,0.270166666666667,33.917593125,28.8733333333333
"98",2021-01-15 11:33:00,104.475833333333,0.268833333333333,33.946278385,28.87
"99",2021-01-15 11:34:00,104.559166666667,0.277166666666667,33.9463821466667,28.8783333333333
"100",2021-01-15 11:35:00,104.516,0.2812,33.9462045216667,28.8816666666667
"101",2021-01-15 11:36:00,104.5305,0.2745,33.9391543183333,28.88
"102",2021-01-15 11:37:00,104.602166666667,0.2815,33.9228124316667,28.8883333333333
"103",2021-01-15 11:38:00,104.714166666667,0.292833333333333,33.91222135,28.8916666666667
"104",2021-01-15 11:39:00,104.3495,0.256166666666667,33.9300273116667,28.8866666666667
"105",2021-01-15 11:40:00,104.685333333333,0.289833333333333,33.939484105,28.895
"106",2021-01-15 11:41:00,104.622166666667,0.2835,33.960767615,28.9733333333333
"107",2021-01-15 11:42:00,104.4325,0.264666666666667,33.9520020966667,29.06
"108",2021-01-15 11:43:00,104.449833333333,0.266333333333333,33.988478625,29.0466666666667
"109",2021-01-15 11:44:00,104.768666666667,0.298166666666667,33.99065485,29.025
"110",2021-01-15 11:45:00,104.488166666667,0.270166666666667,33.995609075,29.025
"111",2021-01-15 11:46:00,104.538666666667,0.275333333333333,34.0194520383333,29.0116666666667
"112",2021-01-15 11:47:00,104.9265,0.313666666666667,34.0090545633333,28.9766666666667
"113",2021-01-15 11:48:00,104.664833333333,0.287833333333333,34.0076679716667,28.9383333333333
"114",2021-01-15 11:49:00,104.584666666667,0.279833333333333,33.9872817833333,28.96
"115",2021-01-15 11:50:00,104.76,0.297166666666667,33.9562448466667,28.975
"116",2021-01-15 11:51:00,104.76,0.297166666666667,33.9667653633333,28.985
"117",2021-01-15 11:52:00,104.558833333333,0.277166666666667,33.9688613816667,28.965
"118",2021-01-15 11:53:00,104.7885,0.300166666666667,33.9354432116667,28.9633333333333
"119",2021-01-15 11:54:00,104.748333333333,0.296166666666667,33.93071272,28.98
"120",2021-01-15 11:55:00,104.803,0.3015,33.9371128083333,28.9733333333333
"121",2021-01-15 11:56:00,104.8205,0.303166666666667,33.9333052133333,28.9833333333333
"122",2021-01-15 11:57:00,104.9315,0.3145,33.9500541333333,29
"123",2021-01-15 11:58:00,104.777,0.299,33.9352149316667,29
"124",2021-01-15 11:59:00,105.001166666667,0.321166666666667,33.950234215,28.9966666666667
"125",2021-01-15 12:00:00,104.929166666667,0.314333333333333,33.92046376,29.02
"126",2021-01-15 12:01:00,104.912,0.3125,33.9317310833333,29.0366666666667
"127",2021-01-15 12:02:00,104.791333333333,0.300333333333333,33.9029143716667,29.0633333333333
"128",2021-01-15 12:03:00,104.6275,0.283666666666667,33.8887377283333,29.095
"129",2021-01-15 12:04:00,105.002833333333,0.3215,33.8735804666667,29.1016666666667
"130",2021-01-15 12:05:00,104.682166666667,0.289333333333333,33.8962330683333,29.0766666666667
"131",2021-01-15 12:06:00,104.748333333333,0.296166666666667,33.9322966033333,29.07
"132",2021-01-15 12:07:00,104.9435,0.315333333333333,33.9352749333333,29.0883333333333
"133",2021-01-15 12:08:00,105.0035,0.3215,33.9540798566667,29.0866666666667
"134",2021-01-15 12:09:00,104.8685,0.308,33.9920421533333,29.1116666666667
"135",2021-01-15 12:10:00,104.8285,0.304166666666667,33.8825775333333,29.2466666666667
"136",2021-01-15 12:11:00,104.86,0.307333333333333,33.9108118783333,29.2433333333333
"137",2021-01-15 12:12:00,104.862666666667,0.3075,33.9402351983333,29.1916666666667
"138",2021-01-15 12:13:00,104.931666666667,0.314166666666667,33.970548945,29.1216666666667
"139",2021-01-15 12:14:00,105.0035,0.321333333333333,33.92078151,29.1733333333333
"140",2021-01-15 12:15:00,104.986166666667,0.319833333333333,33.8368591016667,29.2966666666667
"141",2021-01-15 12:16:00,105.1155,0.332666666666667,33.8267667966667,29.3016666666667
"142",2021-01-15 12:17:00,104.966166666667,0.317833333333333,33.8121672633333,29.32
"143",2021-01-15 12:18:00,104.9575,0.316833333333333,33.7969287583333,29.33
"144",2021-01-15 12:19:00,104.928666666667,0.314166666666667,33.781606835,29.3533333333333
"145",2021-01-15 12:20:00,104.829166666667,0.304166666666667,33.80000706,29.335
"146",2021-01-15 12:21:00,105.032,0.324166666666667,33.7510113866667,29.3633333333333
"147",2021-01-15 12:22:00,105.049333333333,0.325833333333333,33.736650865,29.3783333333333
"148",2021-01-15 12:23:00,104.931666666667,0.314333333333333,33.7878940883333,29.36
"149",2021-01-15 12:24:00,104.810833333333,0.302333333333333,33.8488043033333,29.2766666666667
"150",2021-01-15 12:25:00,104.948333333333,0.316,33.9054845666667,29.2283333333333
"151",2021-01-15 12:26:00,105.095166666667,0.3305,33.9550364766667,29.1016666666667
"152",2021-01-15 12:27:00,104.776333333333,0.298833333333333,33.8579374,29.295
"153",2021-01-15 12:28:00,104.853833333333,0.306666666666667,33.83463865,29.4066666666667
"154",2021-01-15 12:29:00,105.0405,0.325166666666667,33.85914152,29.4133333333333
"155",2021-01-15 12:30:00,104.8595,0.307,33.8518855283333,29.4533333333333
"156",2021-01-15 12:31:00,105.078,0.328833333333333,33.8262676033333,29.435
"157",2021-01-15 12:32:00,105.000333333333,0.321166666666667,33.82127487,29.4483333333333
"158",2021-01-15 12:33:00,105.092166666667,0.330166666666667,33.864113215,29.375
"159",2021-01-15 12:34:00,105.074666666667,0.3285,33.816714435,29.44
"160",2021-01-15 12:35:00,104.9265,0.313666666666667,33.7537775116667,29.4983333333333
"161",2021-01-15 12:36:00,105.135,0.3345,33.7458112966667,29.53
"162",2021-01-15 12:37:00,105.069,0.328,33.80868128,29.41
"163",2021-01-15 12:38:00,105.0145,0.322333333333333,33.8340518183333,29.385
"164",2021-01-15 12:39:00,105.298833333333,0.351,33.7578870983333,29.5816666666667
"165",2021-01-15 12:40:00,105.057666666667,0.326833333333333,33.7620050283333,29.5883333333333
"166",2021-01-15 12:41:00,105.094666666667,0.330333333333333,33.7444602683333,29.5883333333333
"167",2021-01-15 12:42:00,105.3075,0.351666666666667,33.694812355,29.635
"168",2021-01-15 12:43:00,105.271166666667,0.348166666666667,33.6766658683333,29.65
"169",2021-01-15 12:44:00,104.957,0.317,33.617222445,29.6516666666667
"170",2021-01-15 12:45:00,105.255666666667,0.346666666666667,33.2316446416667,29.6383333333333
"171",2021-01-15 12:46:00,105.2845,0.349666666666667,33.2533587483333,29.5983333333333
"172",2021-01-15 12:47:00,105.270166666667,0.348166666666667,33.4173887,29.5333333333333
"173",2021-01-15 12:48:00,105.318666666667,0.352666666666667,33.6457348733333,29.5683333333333
"174",2021-01-15 12:49:00,105.258333333333,0.347,33.6627404366667,29.5666666666667
"175",2021-01-15 12:50:00,105.249833333333,0.346,33.631374795,29.6616666666667
"176",2021-01-15 12:51:00,105.568833333333,0.377666666666667,33.6353988233333,29.67
"177",2021-01-15 12:52:00,105.496666666667,0.3705,33.6709639583333,29.6183333333333
"178",2021-01-15 12:53:00,105.353166666667,0.3565,33.597014155,29.78
"179",2021-01-15 12:54:00,105.586166666667,0.379333333333333,33.6655450683333,29.63
"180",2021-01-15 12:55:00,105.373833333333,0.358333333333333,33.732581015,29.4616666666667
"181",2021-01-15 12:56:00,105.324333333333,0.3535,33.7558471116667,29.49
"182",2021-01-15 12:57:00,105.4296,0.3638,33.65393242,29.7366666666667
"183",2021-01-15 12:58:00,105.1665,0.337666666666667,33.69840238,29.6433333333333
"184",2021-01-15 12:59:00,105.413333333333,0.362166666666667,33.69822144,29.6466666666667
"185",2021-01-15 13:00:00,105.527166666667,0.373333333333333,33.7022840233333,29.63
"186",2021-01-15 13:01:00,105.3185,0.352666666666667,33.7122557516667,29.6383333333333
"187",2021-01-15 13:02:00,105.243833333333,0.3455,33.7412202983333,29.575
"188",2021-01-15 13:03:00,105.58,0.378666666666667,33.7187140483333,29.6283333333333
"189",2021-01-15 13:04:00,105.502,0.3712,33.8072821416667,29.4216666666667
"190",2021-01-15 13:05:00,105.361666666667,0.357166666666667,33.8108483466667,29.3633333333333
"191",2021-01-15 13:06:00,105.3875,0.3595,33.8165538666667,29.3466666666667
"192",2021-01-15 13:07:00,105.74225,0.39525,33.8504480216667,29.255
"193",2021-01-15 13:08:00,105.361666666667,0.357,33.85866869,29.22
"194",2021-01-15 13:09:00,105.264166666667,0.347333333333333,33.8637440933333,29.1833333333333
"195",2021-01-15 13:10:00,105.6605,0.38675,33.8933952383333,29.2433333333333
"196",2021-01-15 13:11:00,105.533666666667,0.374333333333333,33.8869021383333,29.4483333333333
"197",2021-01-15 13:12:00,105.327166666667,0.3535,33.891553125,29.405
"198",2021-01-15 13:13:00,105.7046,0.3914,33.9042693483333,29.3533333333333
"199",2021-01-15 13:14:00,105.7256,0.3932,33.8330573666667,29.6033333333333
"200",2021-01-15 13:15:00,105.399,0.360833333333333,33.7541191733333,29.8016666666667
"201",2021-01-15 13:16:00,105.5685,0.377666666666667,33.7089590316667,29.8616666666667
"202",2021-01-15 13:17:00,105.666333333333,0.387333333333333,33.7351932883333,29.765
"203",2021-01-15 13:18:00,105.615,0.3824,33.725166995,29.74
"204",2021-01-15 13:19:00,105.332833333333,0.354166666666667,33.6733752116667,29.7733333333333
"205",2021-01-15 13:20:00,105.4084,0.3618,33.6509216916667,29.8016666666667
"206",2021-01-15 13:21:00,105.547333333333,0.3755,33.6764299983333,29.6583333333333
"207",2021-01-15 13:22:00,105.6475,0.3855,33.7234813316667,29.555
"208",2021-01-15 13:23:00,105.5324,0.3742,33.6991930266667,29.585
"209",2021-01-15 13:24:00,105.6804,0.3888,33.70925403,29.525
"210",2021-01-15 13:25:00,105.640333333333,0.385,33.6258522983333,29.6916666666667
"211",2021-01-15 13:26:00,105.490666666667,0.369833333333333,33.6010881883333,29.67
"212",2021-01-15 13:27:00,105.738,0.394666666666667,33.5379090733333,29.7216666666667
"213",2021-01-15 13:28:00,105.500333333333,0.370833333333333,33.5107607116667,29.76
"214",2021-01-15 13:29:00,105.628666666667,0.383833333333333,33.42736818,29.7566666666667
"215",2021-01-15 13:30:00,105.6575,0.3865,33.3882387116667,29.735
"216",2021-01-15 13:31:00,105.565166666667,0.377166666666667,33.3743727283333,29.7433333333333
"217",2021-01-15 13:32:00,105.6654,0.3874,33.2917531516667,29.7966666666667
"218",2021-01-15 13:33:00,105.726333333333,0.393333333333333,33.25001172,29.78
"219",2021-01-15 13:34:00,105.726333333333,0.393333333333333,33.22807045,29.7916666666667
"220",2021-01-15 13:35:00,105.547833333333,0.375833333333333,33.1542880133333,29.7533333333333
"221",2021-01-15 13:36:00,105.809666666667,0.401666666666667,33.1028320316667,29.795
"222",2021-01-15 13:37:00,105.66525,0.38725,33.0545458283333,29.8133333333333
"223",2021-01-15 13:38:00,105.447333333333,0.3655,32.9403436116667,29.7833333333333
"224",2021-01-15 13:39:00,105.763666666667,0.397,32.957523148,29.7116666666667
"225",2021-01-15 13:40:00,105.777,0.3984,33.72723072,29.8583333333333
"226",2021-01-15 13:41:00,105.553833333333,0.376333333333333,33.642414865,30.0966666666667
"227",2021-01-15 13:42:00,105.565,0.3775,33.5448289666667,30.3466666666667
"228",2021-01-15 13:43:00,105.746166666667,0.395333333333333,33.4821316633333,30.4816666666667
"229",2021-01-15 13:44:00,105.7246,0.3932,33.359778045,30.87
"230",2021-01-15 13:45:00,105.6832,0.3892,33.240052555,31.1416666666667
"231",2021-01-15 13:46:00,105.783666666667,0.399333333333333,33.1690014466667,31.2916666666667
"232",2021-01-15 13:47:00,105.711,0.392,33.0820372366667,NA
"233",2021-01-15 13:48:00,105.590833333333,0.379833333333333,32.919954732,31.37
"234",2021-01-15 13:49:00,105.6485,0.38575,NA,NA
"235",2021-01-15 13:50:00,105.6346,0.3842,NA,NA
"236",2021-01-15 13:51:00,105.561166666667,0.376833333333333,NA,NA
"237",2021-01-15 13:52:00,105.84525,0.40525,NA,NA
"238",2021-01-15 13:53:00,105.944,0.415,NA,NA
"239",2021-01-15 09:55:00,NA,NA,NA,29.165
