"","Temperature","Serial","Salinity","AbsPressure","Depth","datetime_minute"
"1",29.16,316,34.87083632,101.686,-0.009,2021-01-15 09:55:00
"2",29.19,316,34.75244452,101.617,-0.015,2021-01-15 09:55:00
"3",29.14,316,34.75444554,101.737,-0.003,2021-01-15 09:55:00
"4",29.15,316,34.69571793,101.772,0,2021-01-15 09:55:00
"5",29.16,316,34.6200643,101.617,-0.015,2021-01-15 09:55:00
"6",29.19,316,34.48609131,102.219,0.044,2021-01-15 09:55:00
"7",29.2,316,34.49583116,101.583,-0.019,2021-01-15 09:56:00
"8",29.17,316,34.54809162,101.497,-0.027,2021-01-15 09:56:00
"9",29.17,316,34.48010693,101.617,-0.015,2021-01-15 09:56:00
"10",29.17,316,34.49034897,104.561,0.277,2021-01-15 09:56:00
"11",29.17,316,34.48355168,104.164,0.238,2021-01-15 09:56:00
"12",29.14,316,34.48821309,104.423,0.264,2021-01-15 09:56:00
"13",29.15,316,34.47420813,104.113,0.233,2021-01-15 09:57:00
"14",29.15,316,34.48436294,104.388,0.26,2021-01-15 09:57:00
"15",29.14,316,34.43399139,104.233,0.245,2021-01-15 09:57:00
"16",29.15,316,34.40984842,104.354,0.257,2021-01-15 09:57:00
"17",29.15,316,34.37604449,104.233,0.245,2021-01-15 09:57:00
"18",29.15,316,34.369339,104.474,0.269,2021-01-15 09:57:00
"19",29.14,316,34.36981377,104.337,0.255,2021-01-15 09:58:00
"20",29.15,316,34.36598685,104.612,0.283,2021-01-15 09:58:00
"21",29.15,316,34.34913318,104.957,0.317,2021-01-15 09:58:00
"22",29.16,316,34.30155959,104.767,0.298,2021-01-15 09:58:00
"23",29.14,316,34.32595249,104.871,0.308,2021-01-15 09:58:00
"24",29.14,316,34.35966467,104.767,0.298,2021-01-15 09:58:00
"25",29.12,316,34.34365628,104.784,0.3,2021-01-15 09:59:00
"26",29.12,316,34.41456174,104.612,0.283,2021-01-15 09:59:00
"27",29.12,316,34.39760437,104.526,0.274,2021-01-15 09:59:00
"28",29.14,316,34.34280948,104.371,0.259,2021-01-15 09:59:00
"29",29.12,316,34.38418495,104.164,0.238,2021-01-15 09:59:00
"30",29.12,316,34.34365802,104.285,0.25,2021-01-15 09:59:00
"31",29.12,316,34.39760577,104.819,0.303,2021-01-15 10:00:00
"32",29.12,316,34.33695024,104.388,0.26,2021-01-15 10:00:00
"33",29.14,316,34.383233,104.612,0.283,2021-01-15 10:00:00
"34",29.12,316,34.35716765,104.199,0.241,2021-01-15 10:00:00
"35",29.14,316,34.31925118,104.285,0.25,2021-01-15 10:00:00
"36",29.14,316,34.29234112,104.354,0.257,2021-01-15 10:00:00
"37",29.14,316,34.33945958,104.561,0.277,2021-01-15 10:01:00
"38",29.12,316,34.32009144,104.561,0.277,2021-01-15 10:01:00
"39",29.12,316,34.32009178,104.546,0.276,2021-01-15 10:01:00
"40",29.12,316,34.33024477,104.77,0.298,2021-01-15 10:01:00
"41",29.14,316,34.31590061,104.649,0.286,2021-01-15 10:01:00
"42",29.11,316,34.33062136,104.718,0.293,2021-01-15 10:01:00
"43",29.12,316,34.31003166,104.563,0.278,2021-01-15 10:02:00
"44",29.1,316,34.33444378,104.374,0.259,2021-01-15 10:02:00
"45",29.09,316,34.34162304,104.718,0.293,2021-01-15 10:02:00
"46",29.11,316,34.33742291,104.615,0.283,2021-01-15 10:02:00
"47",29.11,316,34.30378726,104.288,0.25,2021-01-15 10:02:00
"48",29.11,316,34.24668204,104.735,0.295,2021-01-15 10:02:00
"49",29.11,316,34.29707952,104.305,0.252,2021-01-15 10:03:00
"50",29.14,316,34.24532887,104.305,0.252,2021-01-15 10:03:00
"51",29.16,316,34.19752693,103.909,0.213,2021-01-15 10:03:00
"52",29.16,316,34.20757619,104.15,0.237,2021-01-15 10:03:00
"53",29.17,316,34.2004333,104.115,0.233,2021-01-15 10:03:00
"54",29.16,316,34.16077655,104.167,0.238,2021-01-15 10:03:00
"55",29.15,316,34.21807344,104.305,0.252,2021-01-15 10:04:00
"56",29.15,316,34.21807378,104.253,0.247,2021-01-15 10:04:00
"57",29.15,316,34.20132235,104.649,0.286,2021-01-15 10:04:00
"58",29.15,316,34.24488007,104.408,0.262,2021-01-15 10:04:00
"59",29.15,316,34.18792257,104.563,0.278,2021-01-15 10:04:00
"60",29.14,316,34.21517077,104.46,0.267,2021-01-15 10:04:00
"61",29.15,316,34.19797355,104.873,0.309,2021-01-15 10:05:00
"62",29.14,316,34.17505322,104.753,0.297,2021-01-15 10:05:00
"63",29.16,316,34.17743471,104.77,0.298,2021-01-15 10:05:00
"64",29.16,316,34.1708272,104.512,0.273,2021-01-15 10:05:00
"65",29.16,316,34.16078037,104.477,0.269,2021-01-15 10:05:00
"66",29.19,316,34.12265526,104.615,0.283,2021-01-15 10:05:00
"67",29.19,316,34.09597526,104.494,0.271,2021-01-15 10:06:00
"68",29.19,316,34.11270696,104.253,0.247,2021-01-15 10:06:00
"69",29.17,316,34.13355998,104.322,0.254,2021-01-15 10:06:00
"70",29.19,316,34.12934987,104.408,0.262,2021-01-15 10:06:00
"71",29.19,316,34.09932282,104.667,0.288,2021-01-15 10:06:00
"72",29.16,316,34.10403877,104.322,0.254,2021-01-15 10:06:00
"73",29.17,316,34.11356513,104.374,0.259,2021-01-15 10:07:00
"74",29.17,316,34.09031431,104.512,0.273,2021-01-15 10:07:00
"75",29.19,316,34.0860303,104.133,0.235,2021-01-15 10:07:00
"76",29.19,316,34.10267077,104.46,0.267,2021-01-15 10:07:00
"77",29.2,316,34.10559016,104.239,0.245,2021-01-15 10:07:00
"78",29.2,316,34.05893691,104.686,0.29,2021-01-15 10:07:00
"79",29.2,316,34.10893657,104.669,0.288,2021-01-15 10:08:00
"80",29.19,316,34.08937804,104.48,0.269,2021-01-15 10:08:00
"81",29.19,316,34.09932629,104.29,0.251,2021-01-15 10:08:00
"82",29.2,316,34.07557329,104.618,0.283,2021-01-15 10:08:00
"83",29.2,316,34.06897373,104.48,0.269,2021-01-15 10:08:00
"84",29.19,316,34.05275708,104.325,0.254,2021-01-15 10:08:00
"85",29.2,316,34.06228432,104.686,0.29,2021-01-15 10:09:00
"86",29.2,316,34.04899548,104.893,0.31,2021-01-15 10:09:00
"87",29.19,316,34.07274139,104.618,0.283,2021-01-15 10:09:00
"88",29.2,316,34.06563039,104.6,0.281,2021-01-15 10:09:00
"89",29.2,316,34.05894073,104.566,0.278,2021-01-15 10:09:00
"90",29.2,316,34.06563108,104.549,0.276,2021-01-15 10:09:00
"91",29.19,316,34.03612329,104.376,0.259,2021-01-15 10:10:00
"92",29.2,316,34.0456528,104.066,0.228,2021-01-15 10:10:00
"93",29.2,316,34.03570956,104.239,0.245,2021-01-15 10:10:00
"94",29.21,316,34.02191986,104.204,0.242,2021-01-15 10:10:00
"95",29.21,316,34.03854928,104.463,0.268,2021-01-15 10:10:00
"96",29.25,316,34.05332486,104.221,0.244,2021-01-15 10:10:00
"97",29.22,316,34.10130736,104.6,0.281,2021-01-15 10:11:00
"98",29.19,316,34.15604413,104.549,0.276,2021-01-15 10:11:00
"99",29.2,316,34.14891525,104.497,0.271,2021-01-15 10:11:00
"100",29.2,316,34.15895493,104.841,0.305,2021-01-15 10:11:00
"101",29.2,316,34.15895528,104.428,0.264,2021-01-15 10:11:00
"102",29.2,316,34.15895563,104.6,0.281,2021-01-15 10:11:00
"103",29.19,316,34.13270803,104.342,0.256,2021-01-15 10:12:00
"104",29.2,316,34.15560983,104.376,0.259,2021-01-15 10:12:00
"105",29.19,316,34.1260154,104.411,0.263,2021-01-15 10:12:00
"106",29.2,316,34.15226408,104.618,0.283,2021-01-15 10:12:00
"107",29.2,316,34.11220163,104.118,0.233,2021-01-15 10:12:00
"108",29.2,316,34.10560093,104.686,0.29,2021-01-15 10:12:00
"109",29.2,316,34.0822732,104.566,0.278,2021-01-15 10:13:00
"110",29.19,316,34.03947511,104.445,0.266,2021-01-15 10:13:00
"111",29.19,316,34.04942103,104.307,0.252,2021-01-15 10:13:00
"112",29.17,316,34.04699846,104.497,0.271,2021-01-15 10:13:00
"113",29.16,316,34.09409949,104.807,0.302,2021-01-15 10:13:00
"114",29.15,316,34.08791753,104.359,0.257,2021-01-15 10:13:00
"115",29.16,316,34.0242576,104.549,0.276,2021-01-15 10:14:00
"116",29.12,316,34.04934875,104.17,0.239,2021-01-15 10:14:00
"117",29.12,316,34.04934909,104.531,0.274,2021-01-15 10:14:00
"118",29.1,316,34.00716563,104.256,0.247,2021-01-15 10:14:00
"119",29.09,316,33.97461056,104.445,0.266,2021-01-15 10:14:00
"120",29.09,316,33.99444197,104.48,0.269,2021-01-15 10:14:00
"121",29.1,316,33.99394737,104.431,0.265,2021-01-15 10:15:00
"122",29.08,316,34.0115131,104.465,0.268,2021-01-15 10:15:00
"123",29.06,316,34.04232287,104.293,0.251,2021-01-15 10:15:00
"124",29,316,34.0320025,104.569,0.278,2021-01-15 10:15:00
"125",28.93,316,34.05866296,104.362,0.258,2021-01-15 10:15:00
"126",28.83,316,33.9877942,104.827,0.304,2021-01-15 10:15:00
"127",28.73,316,33.94381388,104.345,0.256,2021-01-15 10:16:00
"128",28.66,316,33.9970708,104.5,0.271,2021-01-15 10:16:00
"129",28.7,316,33.98828768,104.517,0.273,2021-01-15 10:16:00
"130",28.71,316,33.95807971,104.465,0.268,2021-01-15 10:16:00
"131",28.72,316,33.97729037,104.345,0.256,2021-01-15 10:16:00
"132",28.72,316,34.04321051,104.379,0.259,2021-01-15 10:16:00
"133",28.73,316,34.0129951,104.293,0.251,2021-01-15 10:17:00
"134",28.76,316,34.01462218,104.534,0.275,2021-01-15 10:17:00
"135",28.76,316,33.99485241,104.379,0.259,2021-01-15 10:17:00
"136",28.76,316,33.99485276,104.672,0.289,2021-01-15 10:17:00
"137",28.76,316,33.97180548,104.913,0.312,2021-01-15 10:17:00
"138",28.71,316,33.97121134,104.345,0.256,2021-01-15 10:17:00
"139",28.71,316,33.98771505,104.62,0.283,2021-01-15 10:18:00
"140",28.73,316,33.95037991,104.62,0.283,2021-01-15 10:18:00
"141",28.77,316,33.99427588,104.431,0.265,2021-01-15 10:18:00
"142",28.79,316,33.9998566,104.758,0.297,2021-01-15 10:18:00
"143",28.79,316,34.00313494,104.586,0.28,2021-01-15 10:18:00
"144",28.81,316,33.99542009,104.517,0.273,2021-01-15 10:18:00
"145",28.81,316,33.98559055,104.5,0.271,2021-01-15 10:19:00
"146",28.82,316,33.95862498,104.345,0.256,2021-01-15 10:19:00
"147",28.81,316,33.93617565,104.327,0.254,2021-01-15 10:19:00
"148",28.73,316,33.64676235,104.448,0.266,2021-01-15 10:19:00
"149",28.82,316,33.86338375,104.396,0.261,2021-01-15 10:19:00
"150",28.77,316,33.68663324,104.569,0.278,2021-01-15 10:19:00
"151",28.7,316,33.50649011,104.448,0.266,2021-01-15 10:20:00
"152",28.73,316,33.43074265,104.775,0.299,2021-01-15 10:20:00
"153",28.73,316,33.4115619,104.345,0.256,2021-01-15 10:20:00
"154",28.79,316,33.79626917,104.431,0.265,2021-01-15 10:20:00
"155",28.82,316,33.85683781,104.655,0.287,2021-01-15 10:20:00
"156",28.83,316,33.86283059,104.502,0.272,2021-01-15 10:20:00
"157",28.83,316,33.91866908,104.606,0.282,2021-01-15 10:21:00
"158",28.83,316,33.86283129,104.485,0.27,2021-01-15 10:21:00
"159",28.84,316,33.85900308,104.64,0.285,2021-01-15 10:21:00
"160",28.83,316,33.81364476,104.657,0.287,2021-01-15 10:21:00
"161",28.81,316,33.68763903,104.175,0.239,2021-01-15 10:21:00
"162",28.84,316,33.91483109,104.313,0.253,2021-01-15 10:21:00
"163",28.82,316,33.97510025,104.278,0.249,2021-01-15 10:22:00
"164",28.81,316,33.89669378,104.778,0.299,2021-01-15 10:22:00
"165",28.79,316,33.88798794,104.141,0.236,2021-01-15 10:22:00
"166",28.81,316,33.8770443,104.296,0.251,2021-01-15 10:22:00
"167",28.78,316,33.74459766,104.261,0.248,2021-01-15 10:22:00
"168",28.81,316,33.76572833,104.313,0.253,2021-01-15 10:22:00
"169",28.79,316,33.76689398,104.347,0.256,2021-01-15 10:23:00
"170",28.78,316,33.71858524,104.502,0.272,2021-01-15 10:23:00
"171",28.83,316,33.73857144,104.227,0.244,2021-01-15 10:23:00
"172",28.84,316,33.72495564,104.468,0.268,2021-01-15 10:23:00
"173",28.84,316,33.84264455,104.606,0.282,2021-01-15 10:23:00
"174",28.87,316,33.79511159,104.537,0.275,2021-01-15 10:23:00
"175",28.97,316,33.78322872,104.123,0.234,2021-01-15 10:24:00
"176",28.89,316,33.66040725,104.502,0.272,2021-01-15 10:24:00
"177",28.9,316,33.70534699,104.468,0.268,2021-01-15 10:24:00
"178",29.06,316,33.87710315,104.347,0.256,2021-01-15 10:24:00
"179",28.95,316,33.69291431,104.313,0.253,2021-01-15 10:24:00
"180",28.99,316,33.72006925,104.433,0.265,2021-01-15 10:24:00
"181",29.06,316,33.69036901,103.917,0.213,2021-01-15 10:25:00
"182",29.09,316,33.83288083,104.364,0.258,2021-01-15 10:25:00
"183",29.05,316,33.69080796,104.192,0.241,2021-01-15 10:25:00
"184",29.05,316,33.73660274,104.399,0.261,2021-01-15 10:25:00
"185",29.1,316,33.77651264,104.212,0.243,2021-01-15 10:25:00
"186",29.06,316,33.76547951,104.52,0.273,2021-01-15 10:25:00
"187",29.06,316,33.72294512,104.712,0.292,2021-01-15 10:26:00
"188",29.06,316,33.73280914,104.574,0.279,2021-01-15 10:26:00
"189",29.04,316,33.730533,104.471,0.269,2021-01-15 10:26:00
"190",29.04,316,33.71749793,104.677,0.289,2021-01-15 10:26:00
"191",29.05,316,33.81183453,104.367,0.258,2021-01-15 10:26:00
"192",29.05,316,33.82831467,104.505,0.272,2021-01-15 10:26:00
"193",29.09,316,33.87559931,104.488,0.27,2021-01-15 10:27:00
"194",29.24,316,33.98739086,104.626,0.284,2021-01-15 10:27:00
"195",29.19,316,33.84439459,104.712,0.292,2021-01-15 10:27:00
"196",29.22,316,33.95189041,104.557,0.277,2021-01-15 10:27:00
"197",29.26,316,33.94009179,104.316,0.253,2021-01-15 10:27:00
"198",29.25,316,33.96378189,104.143,0.236,2021-01-15 10:27:00
"199",29.22,316,33.92876933,104.333,0.255,2021-01-15 10:28:00
"200",29.24,316,33.88816755,104.35,0.256,2021-01-15 10:28:00
"201",29.17,316,33.87172293,104.195,0.241,2021-01-15 10:28:00
"202",29.15,316,33.84636459,104.643,0.286,2021-01-15 10:28:00
"203",29.14,316,33.82712501,104.074,0.229,2021-01-15 10:28:00
"204",29.24,316,33.99732846,104.419,0.263,2021-01-15 10:28:00
"205",29.21,316,33.95563578,104.281,0.25,2021-01-15 10:29:00
"206",29.17,316,33.93110831,104.35,0.256,2021-01-15 10:29:00
"207",29.19,316,34.04285408,104.522,0.274,2021-01-15 10:29:00
"208",29.16,316,33.98783975,104.591,0.28,2021-01-15 10:29:00
"209",29.16,316,33.85900325,104.505,0.272,2021-01-15 10:29:00
"210",29.15,316,33.91227583,104.35,0.256,2021-01-15 10:29:00
"211",29.17,316,33.91791224,105.16,0.337,2021-01-15 10:30:00
"212",29.17,316,33.88492168,105.022,0.323,2021-01-15 10:30:00
"213",29.19,316,33.88062586,104.66,0.287,2021-01-15 10:30:00
"214",29.15,316,33.85947649,104.867,0.308,2021-01-15 10:30:00
"215",29.15,316,33.82657345,104.471,0.269,2021-01-15 10:30:00
"216",29.19,316,33.84765374,104.643,0.286,2021-01-15 10:30:00
"217",29.2,316,33.79462773,104.522,0.274,2021-01-15 10:31:00
"218",29.21,316,33.8764237,104.781,0.299,2021-01-15 10:31:00
"219",29.24,316,33.87165613,104.16,0.238,2021-01-15 10:31:00
"220",29.25,316,33.86459313,104.143,0.236,2021-01-15 10:31:00
"221",29.26,316,33.85753261,104.436,0.265,2021-01-15 10:31:00
"222",29.33,316,33.7293667,104.212,0.243,2021-01-15 10:31:00
"223",29.38,316,33.68770423,104.264,0.248,2021-01-15 10:32:00
"224",29.44,316,33.56079998,104.402,0.262,2021-01-15 10:32:00
"225",29.43,316,33.62329638,104.316,0.253,2021-01-15 10:32:00
"226",29.41,316,33.62740104,104.195,0.241,2021-01-15 10:32:00
"227",29.37,316,33.21239321,104.109,0.232,2021-01-15 10:32:00
"228",29.24,316,33.03796135,104.436,0.265,2021-01-15 10:32:00
"229",29.24,316,33.818955,104.436,0.265,2021-01-15 10:33:00
"230",29.26,316,33.765441,104.539,0.275,2021-01-15 10:33:00
"231",29.25,316,33.78889955,104.763,0.298,2021-01-15 10:33:00
"232",29.21,316,33.29761239,104.505,0.272,2021-01-15 10:33:00
"233",29.22,316,33.10886029,104.522,0.274,2021-01-15 10:33:00
"234",29.19,316,33.41767301,104.626,0.284,2021-01-15 10:33:00
"235",29.16,316,33.08043148,104.419,0.263,2021-01-15 10:34:00
"236",29.19,316,32.98703261,104.66,0.287,2021-01-15 10:34:00
"237",29.16,316,32.7441798,104.35,0.256,2021-01-15 10:34:00
"238",29.16,316,32.54566985,104.798,0.301,2021-01-15 10:34:00
"239",29.15,316,32.5679127,104.247,0.246,2021-01-15 10:34:00
"240",29.21,316,32.73808061,104.574,0.279,2021-01-15 10:34:00
"241",29.24,316,32.79878143,104.023,0.224,2021-01-15 10:35:00
"242",29.25,316,32.84833818,104.419,0.263,2021-01-15 10:35:00
"243",29.22,316,32.84066771,104.247,0.246,2021-01-15 10:35:00
"244",29.28,316,33.02625224,104.419,0.263,2021-01-15 10:35:00
"245",29.3,316,33.06952504,104.281,0.25,2021-01-15 10:35:00
"246",29.27,316,33.13154456,104.471,0.269,2021-01-15 10:35:00
"247",29.31,316,33.39210233,104.126,0.234,2021-01-15 10:36:00
"248",29.3,316,33.37333221,104.298,0.251,2021-01-15 10:36:00
"249",29.3,316,33.59679284,104.456,0.267,2021-01-15 10:36:00
"250",29.3,316,33.56428989,104.37,0.258,2021-01-15 10:36:00
"251",29.28,316,33.63359032,104.542,0.276,2021-01-15 10:36:00
"252",29.27,316,33.68962787,104.818,0.303,2021-01-15 10:36:00
"253",29.27,316,33.56248984,104.68,0.289,2021-01-15 10:37:00
"254",29.28,316,32.89379456,104.387,0.26,2021-01-15 10:37:00
"255",29.3,316,32.97461179,104.422,0.264,2021-01-15 10:37:00
"256",29.36,316,33.08225836,104.594,0.281,2021-01-15 10:37:00
"257",29.27,316,32.79705039,104.473,0.269,2021-01-15 10:37:00
"258",29.3,316,32.88323886,104.387,0.26,2021-01-15 10:37:00
"259",29.26,316,32.68219153,104.111,0.233,2021-01-15 10:38:00
"260",29.3,316,33.00936043,104.611,0.282,2021-01-15 10:38:00
"261",29.27,316,32.92579364,104.146,0.236,2021-01-15 10:38:00
"262",29.31,316,32.88267469,104.37,0.258,2021-01-15 10:38:00
"263",29.32,316,32.91673867,104.111,0.233,2021-01-15 10:38:00
"264",29.33,316,33.09340743,104.094,0.231,2021-01-15 10:38:00
"265",29.22,316,32.6224521,104.008,0.222,2021-01-15 10:39:00
"266",29.26,316,32.74769798,104.422,0.264,2021-01-15 10:39:00
"267",29.31,316,32.9392988,104.49,0.27,2021-01-15 10:39:00
"268",29.38,316,33.20235647,104.542,0.276,2021-01-15 10:39:00
"269",29.39,316,33.3720156,104.525,0.274,2021-01-15 10:39:00
"270",29.32,316,33.30792848,104.631,0.284,2021-01-15 10:39:00
"271",29.27,316,33.89343148,104.284,0.25,2021-01-15 10:40:00
"272",29.27,316,33.91319073,104.545,0.276,2021-01-15 10:40:00
"273",29.24,316,33.95761868,104.321,0.254,2021-01-15 10:40:00
"274",29.27,316,33.76499949,104.545,0.276,2021-01-15 10:40:00
"275",29.25,316,33.93401772,104.51,0.272,2021-01-15 10:40:00
"276",29.26,316,33.87072422,104.545,0.276,2021-01-15 10:40:00
"277",29.27,316,33.78465728,104.39,0.26,2021-01-15 10:41:00
"278",29.28,316,33.76778933,104.338,0.255,2021-01-15 10:41:00
"279",29.27,316,33.72560305,104.441,0.266,2021-01-15 10:41:00
"280",29.28,316,33.70226166,104.286,0.25,2021-01-15 10:41:00
"281",29.3,316,33.61310246,104.097,0.231,2021-01-15 10:41:00
"282",29.32,316,33.7003889,104.149,0.236,2021-01-15 10:41:00
"283",29.28,316,33.57171721,104.304,0.252,2021-01-15 10:42:00
"284",29.33,316,33.67698474,104.286,0.25,2021-01-15 10:42:00
"285",29.31,316,33.57675347,104.269,0.248,2021-01-15 10:42:00
"286",29.33,316,33.74244669,104.304,0.252,2021-01-15 10:42:00
"287",29.35,316,33.66296232,104.476,0.269,2021-01-15 10:42:00
"288",29.33,316,33.69337204,104.562,0.278,2021-01-15 10:42:00
"289",29.35,316,33.74487026,104.476,0.269,2021-01-15 10:43:00
"290",29.36,316,33.77069983,104.304,0.252,2021-01-15 10:43:00
"291",29.36,316,33.71489507,104.252,0.247,2021-01-15 10:43:00
"292",29.35,316,33.71201458,104.683,0.29,2021-01-15 10:43:00
"293",29.35,316,33.71534537,104.441,0.266,2021-01-15 10:43:00
"294",29.35,316,33.78754833,104.889,0.31,2021-01-15 10:43:00
"295",29.31,316,33.90810608,104.562,0.278,2021-01-15 10:44:00
"296",29.32,316,33.87463246,104.786,0.3,2021-01-15 10:44:00
"297",29.36,316,33.72470698,104.683,0.29,2021-01-15 10:44:00
"298",29.36,316,33.69194966,104.683,0.29,2021-01-15 10:44:00
"299",29.35,316,33.81393447,104.631,0.284,2021-01-15 10:44:00
"300",29.37,316,33.70131177,104.304,0.252,2021-01-15 10:44:00
"301",29.37,316,33.69150514,104.304,0.252,2021-01-15 10:45:00
"302",29.38,316,33.72704432,104.097,0.231,2021-01-15 10:45:00
"303",29.38,316,33.68449362,104.252,0.247,2021-01-15 10:45:00
"304",29.37,316,33.69150618,104.114,0.233,2021-01-15 10:45:00
"305",29.38,316,33.65499247,104.149,0.236,2021-01-15 10:45:00
"306",29.37,316,33.59993711,104.51,0.272,2021-01-15 10:45:00
"307",29.37,316,33.66856608,104.304,0.252,2021-01-15 10:46:00
"308",29.37,316,33.62278155,104.717,0.293,2021-01-15 10:46:00
"309",29.36,316,33.63311042,104.218,0.243,2021-01-15 10:46:00
"310",29.38,316,33.6615598,104.252,0.247,2021-01-15 10:46:00
"311",29.38,316,33.66156015,104.183,0.24,2021-01-15 10:46:00
"312",29.37,316,33.58366228,104.373,0.259,2021-01-15 10:46:00
"313",29.36,316,33.58741629,104.39,0.26,2021-01-15 10:47:00
"314",29.36,316,33.55486011,104.321,0.254,2021-01-15 10:47:00
"315",29.37,316,33.52836716,104.683,0.29,2021-01-15 10:47:00
"316",29.35,316,33.5163387,104.424,0.264,2021-01-15 10:47:00
"317",29.36,316,33.62330761,104.321,0.254,2021-01-15 10:47:00
"318",29.35,316,33.53909241,104.304,0.252,2021-01-15 10:47:00
"319",29.33,316,33.53030041,104.614,0.283,2021-01-15 10:48:00
"320",29.35,316,33.5488066,104.614,0.283,2021-01-15 10:48:00
"321",29.37,316,33.5967048,104.545,0.276,2021-01-15 10:48:00
"322",29.33,316,33.56278187,104.614,0.283,2021-01-15 10:48:00
"323",29.38,316,33.59295036,104.838,0.305,2021-01-15 10:48:00
"324",29.41,316,33.53299439,104.286,0.25,2021-01-15 10:48:00
"325",29.43,316,33.60697999,104.579,0.279,2021-01-15 10:49:00
"326",29.42,316,33.75805928,104.131,0.235,2021-01-15 10:49:00
"327",29.42,316,33.76138659,104.631,0.284,2021-01-15 10:49:00
"328",29.41,316,33.63732306,104.459,0.267,2021-01-15 10:49:00
"329",29.41,316,33.56551985,104.648,0.286,2021-01-15 10:49:00
"330",29.39,316,33.70690288,104.769,0.298,2021-01-15 10:49:00
"331",29.39,316,33.64476095,104.39,0.26,2021-01-15 10:50:00
"332",29.41,316,33.70933224,104.183,0.24,2021-01-15 10:50:00
"333",29.39,316,33.6611273,104.39,0.26,2021-01-15 10:50:00
"334",29.41,316,33.66348243,104.39,0.26,2021-01-15 10:50:00
"335",29.41,316,33.65359475,104.355,0.257,2021-01-15 10:50:00
"336",29.41,316,33.66348312,104.269,0.248,2021-01-15 10:50:00
"337",29.41,316,33.62096826,104.479,0.269,2021-01-15 10:51:00
"338",29.41,316,33.61440783,104.479,0.269,2021-01-15 10:51:00
"339",29.39,316,33.64476371,104.289,0.25,2021-01-15 10:51:00
"340",29.39,316,33.62839966,104.427,0.264,2021-01-15 10:51:00
"341",29.39,316,33.61212679,104.272,0.249,2021-01-15 10:51:00
"342",29.41,316,33.67984638,104.237,0.245,2021-01-15 10:51:00
"343",29.39,316,33.69053817,104.134,0.235,2021-01-15 10:52:00
"344",29.38,316,33.6354003,104.203,0.242,2021-01-15 10:52:00
"345",29.38,316,33.67794181,104.358,0.257,2021-01-15 10:52:00
"346",29.38,316,33.67794216,104.151,0.237,2021-01-15 10:52:00
"347",29.38,316,33.64520393,104.599,0.281,2021-01-15 10:52:00
"348",29.39,316,33.66113248,104.392,0.261,2021-01-15 10:52:00
"349",29.41,316,33.65036361,104.84,0.305,2021-01-15 10:53:00
"350",29.39,316,33.64800457,104.513,0.273,2021-01-15 10:53:00
"351",29.42,316,33.6662824,104.548,0.276,2021-01-15 10:53:00
"352",29.39,316,33.65780667,104.703,0.292,2021-01-15 10:53:00
"353",29.41,316,33.66672517,104.461,0.268,2021-01-15 10:53:00
"354",29.41,316,33.69621299,104.306,0.252,2021-01-15 10:53:00
"355",29.42,316,33.68587813,104.324,0.254,2021-01-15 10:54:00
"356",29.42,316,33.66628413,104.461,0.268,2021-01-15 10:54:00
"357",29.43,316,33.65928245,104.565,0.278,2021-01-15 10:54:00
"358",29.42,316,33.65972382,104.22,0.244,2021-01-15 10:54:00
"359",29.42,316,33.67608211,104.186,0.24,2021-01-15 10:54:00
"360",29.41,316,33.71590564,104.255,0.247,2021-01-15 10:54:00
"361",29.42,316,33.6858802,104.306,0.252,2021-01-15 10:55:00
"362",29.41,316,33.627448,104.255,0.247,2021-01-15 10:55:00
"363",29.39,316,33.64800906,104.151,0.237,2021-01-15 10:55:00
"364",29.39,316,33.64144541,104.134,0.235,2021-01-15 10:55:00
"365",29.39,316,33.66437566,104.341,0.256,2021-01-15 10:55:00
"366",29.41,316,33.73227296,104.358,0.257,2021-01-15 10:55:00
"367",29.42,316,33.64660553,104.461,0.268,2021-01-15 10:56:00
"368",29.41,316,33.70934467,104.599,0.281,2021-01-15 10:56:00
"369",29.41,316,33.65360649,104.513,0.273,2021-01-15 10:56:00
"370",29.42,316,33.65316716,104.53,0.274,2021-01-15 10:56:00
"371",29.42,316,33.58137154,104.634,0.285,2021-01-15 10:56:00
"372",29.42,316,33.62045677,104.668,0.288,2021-01-15 10:56:00
"373",29.41,316,33.5785639,104.513,0.273,2021-01-15 10:57:00
"374",29.39,316,33.53070102,104.341,0.256,2021-01-15 10:57:00
"375",29.39,316,33.55343949,104.306,0.252,2021-01-15 10:57:00
"376",29.39,316,33.52423124,104.306,0.252,2021-01-15 10:57:00
"377",29.39,316,33.53070206,104.134,0.235,2021-01-15 10:57:00
"378",29.38,316,33.5214116,103.927,0.214,2021-01-15 10:57:00
"379",29.38,316,33.57669627,104.341,0.256,2021-01-15 10:58:00
"380",29.38,316,33.60933465,104.1,0.232,2021-01-15 10:58:00
"381",29.37,316,33.56741046,104.375,0.259,2021-01-15 10:58:00
"382",29.38,316,33.54415421,104.117,0.233,2021-01-15 10:58:00
"383",29.39,316,33.54697107,104.065,0.228,2021-01-15 10:58:00
"384",29.41,316,33.51675511,104.272,0.249,2021-01-15 10:58:00
"385",29.41,316,33.55574559,104.1,0.232,2021-01-15 10:59:00
"386",29.42,316,33.47081018,104.235,0.245,2021-01-15 10:59:00
"387",29.43,316,33.49302942,104.355,0.257,2021-01-15 10:59:00
"388",29.44,316,33.43104453,104.269,0.248,2021-01-15 10:59:00
"389",29.43,316,33.45415542,104.338,0.255,2021-01-15 10:59:00
"390",29.44,316,33.43427608,104.545,0.276,2021-01-15 10:59:00
"391",29.44,316,33.37926875,104.373,0.259,2021-01-15 11:00:00
"392",29.43,316,33.4249827,104.424,0.264,2021-01-15 11:00:00
"393",29.43,316,33.43153557,104.459,0.267,2021-01-15 11:00:00
"394",29.42,316,33.43193533,104.269,0.248,2021-01-15 11:00:00
"395",29.42,316,33.47081329,104.338,0.255,2021-01-15 11:00:00
"396",29.42,316,33.461116,104.338,0.255,2021-01-15 11:00:00
"397",29.39,316,33.50150351,104.51,0.272,2021-01-15 11:01:00
"398",29.39,316,33.50150386,104.097,0.231,2021-01-15 11:01:00
"399",29.38,316,33.50191547,103.994,0.221,2021-01-15 11:01:00
"400",29.39,316,33.50150455,104.183,0.24,2021-01-15 11:01:00
"401",29.38,316,33.46956432,104.252,0.247,2021-01-15 11:01:00
"402",29.38,316,33.42419058,104.286,0.25,2021-01-15 11:01:00
"403",29.39,316,33.46906981,104.2,0.242,2021-01-15 11:02:00
"404",29.36,316,33.45104967,104.097,0.231,2021-01-15 11:02:00
"405",29.39,316,33.43987358,104.166,0.238,2021-01-15 11:02:00
"406",29.39,316,33.43017246,104.321,0.254,2021-01-15 11:02:00
"407",29.39,316,33.43017281,104.545,0.276,2021-01-15 11:02:00
"408",29.39,316,33.44634251,104.562,0.278,2021-01-15 11:02:00
"409",29.37,316,33.50565598,104.665,0.288,2021-01-15 11:03:00
"410",29.39,316,33.55021596,104.218,0.243,2021-01-15 11:03:00
"411",29.38,316,33.58327049,104.545,0.276,2021-01-15 11:03:00
"412",29.35,316,33.58796675,104.338,0.255,2021-01-15 11:03:00
"413",29.32,316,33.66441515,104.614,0.283,2021-01-15 11:03:00
"414",29.35,316,33.61072819,104.407,0.262,2021-01-15 11:03:00
"415",29.32,316,33.60895848,104.493,0.271,2021-01-15 11:04:00
"416",29.33,316,33.56938304,104.373,0.259,2021-01-15 11:04:00
"417",29.3,316,33.5936094,104.373,0.259,2021-01-15 11:04:00
"418",29.28,316,33.60437022,104.045,0.226,2021-01-15 11:04:00
"419",29.27,316,33.61786246,104.373,0.259,2021-01-15 11:04:00
"420",29.27,316,33.59831165,104.045,0.226,2021-01-15 11:04:00
"421",29.24,316,33.63565042,104.114,0.233,2021-01-15 11:05:00
"422",29.24,316,33.62582374,104.407,0.262,2021-01-15 11:05:00
"423",29.26,316,33.57278888,104.528,0.274,2021-01-15 11:05:00
"424",29.26,316,33.56630221,104.545,0.276,2021-01-15 11:05:00
"425",29.22,316,33.60080367,104.355,0.257,2021-01-15 11:05:00
"426",29.24,316,33.59328203,104.269,0.248,2021-01-15 11:05:00
"427",29.22,316,33.57808123,104.114,0.233,2021-01-15 11:06:00
"428",29.24,316,33.58679274,104.373,0.259,2021-01-15 11:06:00
"429",29.24,316,33.554256,104.424,0.264,2021-01-15 11:06:00
"430",29.22,316,33.59106662,104.803,0.302,2021-01-15 11:06:00
"431",29.24,316,33.57705916,104.958,0.317,2021-01-15 11:06:00
"432",29.22,316,33.6008061,104.476,0.269,2021-01-15 11:06:00
"433",29.22,316,33.61712893,104.717,0.293,2021-01-15 11:07:00
"434",29.24,316,33.59977499,104.665,0.288,2021-01-15 11:07:00
"435",29.21,316,33.59158228,105.044,0.326,2021-01-15 11:07:00
"436",29.21,316,33.61431133,104.424,0.264,2021-01-15 11:07:00
"437",29.21,316,33.58508951,104.717,0.293,2021-01-15 11:07:00
"438",29.19,316,33.5925206,104.441,0.266,2021-01-15 11:07:00
"439",29.19,316,33.58277724,104.976,0.319,2021-01-15 11:08:00
"440",29.19,316,33.59585951,104.51,0.272,2021-01-15 11:08:00
"441",29.17,316,33.60988535,104.976,0.319,2021-01-15 11:08:00
"442",29.19,316,33.61210096,104.596,0.281,2021-01-15 11:08:00
"443",29.17,316,33.61963452,104.596,0.281,2021-01-15 11:08:00
"444",29.15,316,33.62717259,104.596,0.281,2021-01-15 11:08:00
"445",29.15,316,33.63367476,104.528,0.274,2021-01-15 11:09:00
"446",29.16,316,33.60056329,104.7,0.291,2021-01-15 11:09:00
"447",29.15,316,33.63367546,104.51,0.272,2021-01-15 11:09:00
"448",29.14,316,33.60809485,104.631,0.284,2021-01-15 11:09:00
"449",29.15,316,33.62717432,104.39,0.26,2021-01-15 11:09:00
"450",29.16,316,33.63315612,104.441,0.266,2021-01-15 11:09:00
"451",29.12,316,33.6547547,104.596,0.281,2021-01-15 11:10:00
"452",29.14,316,33.63419745,104.596,0.281,2021-01-15 11:10:00
"453",29.11,316,33.66829391,104.596,0.281,2021-01-15 11:10:00
"454",29.11,316,33.66178664,104.7,0.291,2021-01-15 11:10:00
"455",29.12,316,33.67752872,104.683,0.29,2021-01-15 11:10:00
"456",29.11,316,33.6944178,104.218,0.243,2021-01-15 11:10:00
"457",29.11,316,33.66178768,104.579,0.279,2021-01-15 11:11:00
"458",29.12,316,33.68738059,104.269,0.248,2021-01-15 11:11:00
"459",29.11,316,33.71719988,104.269,0.248,2021-01-15 11:11:00
"460",29.1,316,33.72424551,104.218,0.243,2021-01-15 11:11:00
"461",29.09,316,33.70850279,104.665,0.288,2021-01-15 11:11:00
"462",29.1,316,33.69486004,104.596,0.281,2021-01-15 11:11:00
"463",29.09,316,33.73129431,104.493,0.271,2021-01-15 11:12:00
"464",29.09,316,33.74766577,104.459,0.267,2021-01-15 11:12:00
"465",29.09,316,33.7411537,104.441,0.266,2021-01-15 11:12:00
"466",29.09,316,33.76403885,104.407,0.262,2021-01-15 11:12:00
"467",29.09,316,33.76403919,104.235,0.245,2021-01-15 11:12:00
"468",29.09,316,33.75752662,104.459,0.267,2021-01-15 11:12:00
"469",29.09,316,33.74115509,104.2,0.242,2021-01-15 11:13:00
"470",29.09,316,33.75752731,104.321,0.254,2021-01-15 11:13:00
"471",29.1,316,33.75047427,103.959,0.218,2021-01-15 11:13:00
"472",29.1,316,33.75047462,104.7,0.291,2021-01-15 11:13:00
"473",29.08,316,33.76458423,104.252,0.247,2021-01-15 11:13:00
"474",29.08,316,33.73509169,104.304,0.252,2021-01-15 11:13:00
"475",29.08,316,33.78096159,104.407,0.262,2021-01-15 11:14:00
"476",29.08,316,33.78096194,104.2,0.242,2021-01-15 11:14:00
"477",29.08,316,33.78096228,104.51,0.272,2021-01-15 11:14:00
"478",29.05,316,33.81528454,104.493,0.271,2021-01-15 11:14:00
"479",29.06,316,33.78848129,104.39,0.26,2021-01-15 11:14:00
"480",29.05,316,33.81528524,104.476,0.269,2021-01-15 11:14:00
"481",29.04,316,33.82235776,104.407,0.262,2021-01-15 11:15:00
"482",29.06,316,33.79509027,104.286,0.25,2021-01-15 11:15:00
"483",29.06,316,33.77870692,104.166,0.238,2021-01-15 11:15:00
"484",29.05,316,33.77264364,104.459,0.267,2021-01-15 11:15:00
"485",29.06,316,33.80160894,104.304,0.252,2021-01-15 11:15:00
"486",29.06,316,33.78848372,104.562,0.278,2021-01-15 11:15:00
"487",29.05,316,33.79554951,104.39,0.26,2021-01-15 11:16:00
"488",29.06,316,33.79835115,104.596,0.281,2021-01-15 11:16:00
"489",29.06,316,33.77210157,104.614,0.283,2021-01-15 11:16:00
"490",29.05,316,33.80215992,104.218,0.243,2021-01-15 11:16:00
"491",29.05,316,33.77916419,104.355,0.257,2021-01-15 11:16:00
"492",29.04,316,33.80261918,104.08,0.23,2021-01-15 11:16:00
"493",29.04,316,33.80923031,104.39,0.26,2021-01-15 11:17:00
"494",29.03,316,33.8163025,104.476,0.269,2021-01-15 11:17:00
"495",29.03,316,33.81630285,104.407,0.262,2021-01-15 11:17:00
"496",29.05,316,33.80542149,104.321,0.254,2021-01-15 11:17:00
"497",29.04,316,33.79284096,104.2,0.242,2021-01-15 11:17:00
"498",29.03,316,33.80969169,104.218,0.243,2021-01-15 11:17:00
"499",29.03,316,33.84909659,104.149,0.236,2021-01-15 11:18:00
"500",29.03,316,33.79991032,104.183,0.24,2021-01-15 11:18:00
"501",29.04,316,33.80923309,104.235,0.245,2021-01-15 11:18:00
"502",29.03,316,33.81630528,104.252,0.247,2021-01-15 11:18:00
"503",29.03,316,33.81630563,104.39,0.26,2021-01-15 11:18:00
"504",29.03,316,33.79991171,104.304,0.252,2021-01-15 11:18:00
"505",29.01,316,33.84024452,104.734,0.295,2021-01-15 11:19:00
"506",29,316,33.86046983,104.304,0.252,2021-01-15 11:19:00
"507",29,316,33.84732665,104.424,0.264,2021-01-15 11:19:00
"508",29,316,33.82439575,104.166,0.238,2021-01-15 11:19:00
"509",28.97,316,33.83575549,104.441,0.266,2021-01-15 11:19:00
"510",28.99,316,33.85441162,104.269,0.248,2021-01-15 11:19:00
"511",28.99,316,33.84462073,104.476,0.269,2021-01-15 11:20:00
"512",28.99,316,33.83800318,104.321,0.254,2021-01-15 11:20:00
"513",28.97,316,33.87520927,104.373,0.259,2021-01-15 11:20:00
"514",28.98,316,33.82214743,104.786,0.3,2021-01-15 11:20:00
"515",28.98,316,33.85170644,104.304,0.252,2021-01-15 11:20:00
"516",28.98,316,33.83203078,104.304,0.252,2021-01-15 11:20:00
"517",28.98,316,33.83855937,103.873,0.209,2021-01-15 11:21:00
"518",28.99,316,33.83147823,104.39,0.26,2021-01-15 11:21:00
"519",28.99,316,33.86103317,104.545,0.276,2021-01-15 11:21:00
"520",28.99,316,33.90047627,104.355,0.257,2021-01-15 11:21:00
"521",29.01,316,33.84686566,104.683,0.29,2021-01-15 11:21:00
"522",29.01,316,33.85674442,104.166,0.238,2021-01-15 11:21:00
"523",29.03,316,33.83596927,104.493,0.271,2021-01-15 11:22:00
"524",29.03,316,33.80317931,104.545,0.276,2021-01-15 11:22:00
"525",29,316,33.84733292,104.579,0.279,2021-01-15 11:22:00
"526",29,316,33.81787659,104.235,0.245,2021-01-15 11:22:00
"527",29,316,33.83428153,104.441,0.266,2021-01-15 11:22:00
"528",28.98,316,33.86150432,104.528,0.274,2021-01-15 11:22:00
"529",28.99,316,33.8150747,104.803,0.302,2021-01-15 11:23:00
"530",28.98,316,33.8385639,104.614,0.283,2021-01-15 11:23:00
"531",28.99,316,33.85441893,104.39,0.26,2021-01-15 11:23:00
"532",28.98,316,33.84844801,104.7,0.291,2021-01-15 11:23:00
"533",28.97,316,33.82270537,104.717,0.293,2021-01-15 11:23:00
"534",28.97,316,33.85553483,104.614,0.283,2021-01-15 11:23:00
"535",28.98,316,33.86150676,104.562,0.278,2021-01-15 11:24:00
"536",28.97,316,33.8325002,104.579,0.279,2021-01-15 11:24:00
"537",28.95,316,33.88940584,104.599,0.281,2021-01-15 11:24:00
"538",28.95,316,33.85329369,104.355,0.257,2021-01-15 11:24:00
"539",28.97,316,33.83250124,104.479,0.269,2021-01-15 11:24:00
"540",28.95,316,33.85329439,104.341,0.256,2021-01-15 11:24:00
"541",28.94,316,33.86038482,104.375,0.259,2021-01-15 11:25:00
"542",28.93,316,33.89697884,104.341,0.256,2021-01-15 11:25:00
"543",28.94,316,33.86038552,104.392,0.261,2021-01-15 11:25:00
"544",28.92,316,33.89100641,104.599,0.281,2021-01-15 11:25:00
"545",28.93,316,33.87401407,104.444,0.266,2021-01-15 11:25:00
"546",28.9,316,33.91175188,104.513,0.273,2021-01-15 11:25:00
"547",28.93,316,33.84115891,104.479,0.269,2021-01-15 11:26:00
"548",28.89,316,33.86953196,104.806,0.302,2021-01-15 11:26:00
"549",28.9,316,33.8723343,104.616,0.283,2021-01-15 11:26:00
"550",28.9,316,33.88541283,104.703,0.292,2021-01-15 11:26:00
"551",28.93,316,33.890446,105.013,0.322,2021-01-15 11:26:00
"552",28.92,316,33.86468091,104.685,0.29,2021-01-15 11:26:00
"553",28.92,316,33.87457668,104.53,0.274,2021-01-15 11:27:00
"554",28.9,316,33.88877472,104.892,0.31,2021-01-15 11:27:00
"555",28.9,316,33.90521502,104.599,0.281,2021-01-15 11:27:00
"556",28.92,316,33.85487812,104.875,0.309,2021-01-15 11:27:00
"557",28.89,316,33.89587837,104.513,0.273,2021-01-15 11:27:00
"558",28.88,316,33.91606866,104.703,0.292,2021-01-15 11:27:00
"559",28.92,316,33.88111545,104.444,0.266,2021-01-15 11:28:00
"560",28.9,316,33.90521676,104.599,0.281,2021-01-15 11:28:00
"561",28.9,316,33.9348304,104.392,0.261,2021-01-15 11:28:00
"562",28.88,316,33.92597508,104.496,0.271,2021-01-15 11:28:00
"563",28.89,316,33.92540698,104.513,0.273,2021-01-15 11:28:00
"564",28.88,316,33.91943296,104.513,0.273,2021-01-15 11:28:00
"565",28.9,316,33.91175851,104.789,0.3,2021-01-15 11:29:00
"566",28.92,316,33.87458121,104.427,0.264,2021-01-15 11:29:00
"567",28.92,316,33.90744858,104.565,0.278,2021-01-15 11:29:00
"568",28.93,316,33.91015126,104.754,0.297,2021-01-15 11:29:00
"569",28.93,316,33.8839165,104.53,0.274,2021-01-15 11:29:00
"570",28.98,316,33.83531369,104.599,0.281,2021-01-15 11:29:00
"571",29.04,316,33.7928667,104.582,0.28,2021-01-15 11:30:00
"572",29.09,316,33.77719259,104.651,0.286,2021-01-15 11:30:00
"573",29.09,316,33.81329126,104.427,0.264,2021-01-15 11:30:00
"574",29.1,316,33.7766478,104.858,0.307,2021-01-15 11:30:00
"575",29.03,316,33.83924856,104.375,0.259,2021-01-15 11:30:00
"576",29,316,33.82768222,104.565,0.278,2021-01-15 11:30:00
"577",28.87,316,33.91664181,104.53,0.274,2021-01-15 11:31:00
"578",28.84,316,33.93798432,104.685,0.29,2021-01-15 11:31:00
"579",28.82,316,33.95222534,104.358,0.257,2021-01-15 11:31:00
"580",28.84,316,33.89851844,104.496,0.271,2021-01-15 11:31:00
"581",28.83,316,33.93518951,104.375,0.259,2021-01-15 11:31:00
"582",28.84,316,33.95444745,104.324,0.254,2021-01-15 11:31:00
"583",28.87,316,33.91010018,104.375,0.259,2021-01-15 11:32:00
"584",28.87,316,33.92655111,104.72,0.293,2021-01-15 11:32:00
"585",28.87,316,33.91010088,104.392,0.261,2021-01-15 11:32:00
"586",28.88,316,33.90953592,104.582,0.28,2021-01-15 11:32:00
"587",28.88,316,33.90299395,104.53,0.274,2021-01-15 11:32:00
"588",28.87,316,33.94627671,104.324,0.254,2021-01-15 11:32:00
"589",28.87,316,33.916646,104.255,0.247,2021-01-15 11:33:00
"590",28.87,316,33.95618564,104.41,0.262,2021-01-15 11:33:00
"591",28.88,316,33.94243402,104.358,0.257,2021-01-15 11:33:00
"592",28.87,316,33.95945889,104.789,0.3,2021-01-15 11:33:00
"593",28.86,316,33.94021357,104.392,0.261,2021-01-15 11:33:00
"594",28.87,316,33.96273219,104.651,0.286,2021-01-15 11:33:00
"595",28.87,316,33.97591434,104.548,0.276,2021-01-15 11:34:00
"596",28.87,316,33.94300715,104.444,0.266,2021-01-15 11:34:00
"597",28.89,316,33.90570376,104.548,0.276,2021-01-15 11:34:00
"598",28.88,316,33.94570821,104.513,0.273,2021-01-15 11:34:00
"599",28.88,316,33.96879394,104.892,0.31,2021-01-15 11:34:00
"600",28.88,316,33.93916548,104.41,0.262,2021-01-15 11:34:00
"601",28.88,316,33.93916583,104.582,0.28,2021-01-15 11:35:00
"602",28.89,316,33.9847586,104.117,0.233,2021-01-15 11:35:00
"603",28.87,316,33.92982983,104.823,0.304,2021-01-15 11:35:00
"604",28.89,316,33.94522907,104.513,0.273,2021-01-15 11:35:00
"605",28.89,316,33.93859634,104.496,0.271,2021-01-15 11:35:00
"606",28.87,316,33.93964746,104.565,0.278,2021-01-15 11:35:00
"607",28.88,316,33.93916792,104.582,0.28,2021-01-15 11:36:00
"608",28.88,316,33.90627241,104.565,0.278,2021-01-15 11:36:00
"609",28.88,316,33.94571205,104.479,0.269,2021-01-15 11:36:00
"610",28.88,316,33.93253486,104.565,0.278,2021-01-15 11:36:00
"611",28.88,316,33.95561916,104.479,0.269,2021-01-15 11:36:00
"612",28.88,316,33.95561951,104.513,0.273,2021-01-15 11:36:00
"613",28.88,316,33.95234796,104.634,0.285,2021-01-15 11:37:00
"614",28.89,316,33.90898027,104.427,0.264,2021-01-15 11:37:00
"615",28.88,316,33.93253661,104.599,0.281,2021-01-15 11:37:00
"616",28.89,316,33.93860018,104.479,0.269,2021-01-15 11:37:00
"617",28.89,316,33.9123428,104.961,0.317,2021-01-15 11:37:00
"618",28.9,316,33.89206677,104.513,0.273,2021-01-15 11:37:00
"619",28.88,316,33.92272354,104.858,0.307,2021-01-15 11:38:00
"620",28.89,316,33.89917078,104.651,0.286,2021-01-15 11:38:00
"621",28.89,316,33.91561488,104.634,0.285,2021-01-15 11:38:00
"622",28.9,316,33.89533794,104.806,0.302,2021-01-15 11:38:00
"623",28.89,316,33.93860262,104.461,0.268,2021-01-15 11:38:00
"624",28.9,316,33.90187834,104.875,0.309,2021-01-15 11:38:00
"625",28.9,316,33.91177945,104.444,0.266,2021-01-15 11:39:00
"626",28.89,316,33.94850794,104.599,0.281,2021-01-15 11:39:00
"627",28.88,316,33.91609275,104.289,0.25,2021-01-15 11:39:00
"628",28.89,316,33.92542967,104.169,0.238,2021-01-15 11:39:00
"629",28.87,316,33.94629102,104.169,0.238,2021-01-15 11:39:00
"630",28.89,316,33.93206304,104.427,0.264,2021-01-15 11:39:00
"631",28.89,316,33.90898621,104.548,0.276,2021-01-15 11:40:00
"632",28.89,316,33.93860576,104.875,0.309,2021-01-15 11:40:00
"633",28.89,316,33.94851038,104.685,0.29,2021-01-15 11:40:00
"634",28.87,316,33.92984066,104.599,0.281,2021-01-15 11:40:00
"635",28.9,316,33.95793202,104.737,0.295,2021-01-15 11:40:00
"636",28.93,316,33.9530296,104.668,0.288,2021-01-15 11:40:00
"637",28.93,316,33.95302995,104.582,0.28,2021-01-15 11:41:00
"638",28.93,316,33.9464926,104.892,0.31,2021-01-15 11:41:00
"639",28.94,316,33.98550486,104.548,0.276,2021-01-15 11:41:00
"640",28.97,316,33.99065989,104.582,0.28,2021-01-15 11:41:00
"641",29.04,316,33.92441499,104.53,0.274,2021-01-15 11:41:00
"642",29.03,316,33.9645034,104.599,0.281,2021-01-15 11:41:00
"643",29.05,316,33.95029884,104.496,0.271,2021-01-15 11:42:00
"644",29.05,316,33.96017524,104.306,0.252,2021-01-15 11:42:00
"645",29.05,316,33.95029953,104.513,0.273,2021-01-15 11:42:00
"646",29.06,316,33.93658862,104.392,0.261,2021-01-15 11:42:00
"647",29.09,316,33.96157454,104.651,0.286,2021-01-15 11:42:00
"648",29.06,316,33.95307581,104.237,0.245,2021-01-15 11:42:00
"649",29.05,316,33.98998915,104.53,0.274,2021-01-15 11:43:00
"650",29.05,316,33.97340653,104.306,0.252,2021-01-15 11:43:00
"651",29.05,316,33.97340688,104.375,0.259,2021-01-15 11:43:00
"652",29.05,316,33.9899902,104.41,0.262,2021-01-15 11:43:00
"653",29.05,316,34.00648418,104.341,0.256,2021-01-15 11:43:00
"654",29.03,316,33.99759481,104.737,0.295,2021-01-15 11:43:00
"655",29.04,316,33.98051444,104.548,0.276,2021-01-15 11:44:00
"656",29.01,316,34.01182467,105.047,0.326,2021-01-15 11:44:00
"657",29.03,316,33.98100627,104.737,0.295,2021-01-15 11:44:00
"658",29.03,316,33.971126,104.961,0.317,2021-01-15 11:44:00
"659",29.01,316,34.02506775,104.616,0.283,2021-01-15 11:44:00
"660",29.03,316,33.97438997,104.703,0.292,2021-01-15 11:44:00
"661",29.03,316,33.97774429,104.496,0.271,2021-01-15 11:45:00
"662",29.03,316,33.99424331,104.496,0.271,2021-01-15 11:45:00
"663",29.03,316,34.00086162,104.74,0.295,2021-01-15 11:45:00
"664",29,316,33.99908003,104.306,0.252,2021-01-15 11:45:00
"665",29.03,316,33.99424436,104.479,0.269,2021-01-15 11:45:00
"666",29.03,316,34.00748084,104.412,0.263,2021-01-15 11:45:00
"667",29.03,316,33.97439241,104.55,0.276,2021-01-15 11:46:00
"668",29.03,316,33.99759969,104.602,0.282,2021-01-15 11:46:00
"669",29.03,316,34.01410026,104.516,0.273,2021-01-15 11:46:00
"670",29.01,316,34.02171565,104.602,0.282,2021-01-15 11:46:00
"671",29,316,34.04870504,104.55,0.276,2021-01-15 11:46:00
"672",28.97,316,34.06019918,104.412,0.263,2021-01-15 11:46:00
"673",28.98,316,34.01994341,104.671,0.288,2021-01-15 11:47:00
"674",28.99,316,33.99957716,104.688,0.29,2021-01-15 11:47:00
"675",28.95,316,34.01807527,104.878,0.309,2021-01-15 11:47:00
"676",28.98,316,33.996714,105.153,0.336,2021-01-15 11:47:00
"677",28.99,316,34.00620114,104.878,0.309,2021-01-15 11:47:00
"678",28.97,316,34.0138164,105.291,0.35,2021-01-15 11:47:00
"679",28.95,316,34.01144854,104.946,0.316,2021-01-15 11:48:00
"680",28.94,316,34.02520258,104.757,0.297,2021-01-15 11:48:00
"681",28.94,316,33.99550778,104.619,0.283,2021-01-15 11:48:00
"682",28.94,316,33.99550812,104.481,0.27,2021-01-15 11:48:00
"683",28.93,316,33.99263974,104.567,0.278,2021-01-15 11:48:00
"684",28.93,316,34.02570107,104.619,0.283,2021-01-15 11:48:00
"685",28.94,316,33.98552091,104.74,0.295,2021-01-15 11:49:00
"686",28.95,316,34.00818239,104.447,0.266,2021-01-15 11:49:00
"687",28.97,316,33.97080231,104.481,0.27,2021-01-15 11:49:00
"688",28.95,316,33.97840493,104.447,0.266,2021-01-15 11:49:00
"689",28.97,316,34.01708772,104.774,0.299,2021-01-15 11:49:00
"690",28.98,316,33.96369244,104.619,0.283,2021-01-15 11:49:00
"691",28.95,316,33.96851111,104.499,0.271,2021-01-15 11:50:00
"692",28.97,316,34.0038376,104.878,0.309,2021-01-15 11:50:00
"693",28.98,316,33.95707067,104.791,0.3,2021-01-15 11:50:00
"694",28.99,316,33.92357122,104.654,0.287,2021-01-15 11:50:00
"695",28.97,316,33.94440011,104.86,0.307,2021-01-15 11:50:00
"696",28.99,316,33.94007837,104.878,0.309,2021-01-15 11:50:00
"697",28.98,316,33.95380609,104.878,0.309,2021-01-15 11:51:00
"698",28.98,316,33.98683134,104.912,0.312,2021-01-15 11:51:00
"699",28.98,316,33.99345543,104.602,0.282,2021-01-15 11:51:00
"700",28.99,316,33.97309653,104.671,0.288,2021-01-15 11:51:00
"701",28.99,316,33.94343598,104.878,0.309,2021-01-15 11:51:00
"702",28.99,316,33.94996681,104.619,0.283,2021-01-15 11:51:00
"703",28.98,316,33.96369697,104.43,0.264,2021-01-15 11:52:00
"704",28.99,316,33.97309793,104.395,0.261,2021-01-15 11:52:00
"705",28.98,316,33.95707485,104.757,0.297,2021-01-15 11:52:00
"706",28.94,316,33.99878548,104.499,0.271,2021-01-15 11:52:00
"707",28.95,316,33.96851669,104.567,0.278,2021-01-15 11:52:00
"708",28.95,316,33.95199637,104.705,0.292,2021-01-15 11:52:00
"709",28.95,316,33.92240795,104.86,0.307,2021-01-15 11:53:00
"710",28.95,316,33.9224083,104.74,0.295,2021-01-15 11:53:00
"711",28.95,316,33.95862368,104.636,0.285,2021-01-15 11:53:00
"712",28.97,316,33.96418678,104.843,0.306,2021-01-15 11:53:00
"713",28.98,316,33.94065757,104.878,0.309,2021-01-15 11:53:00
"714",28.98,316,33.90437499,104.774,0.299,2021-01-15 11:53:00
"715",28.95,316,33.94210517,104.929,0.314,2021-01-15 11:54:00
"716",28.98,316,33.94392438,104.705,0.292,2021-01-15 11:54:00
"717",28.99,316,33.9104294,104.809,0.302,2021-01-15 11:54:00
"718",28.98,316,33.93068089,104.567,0.278,2021-01-15 11:54:00
"719",28.99,316,33.9335562,104.895,0.311,2021-01-15 11:54:00
"720",28.99,316,33.92358028,104.585,0.28,2021-01-15 11:54:00
"721",28.97,316,33.96092325,104.602,0.282,2021-01-15 11:55:00
"722",28.97,316,33.9377861,104.843,0.306,2021-01-15 11:55:00
"723",28.97,316,33.90821042,104.671,0.288,2021-01-15 11:55:00
"724",28.98,316,33.9538155,104.74,0.295,2021-01-15 11:55:00
"725",28.97,316,33.94441056,104.929,0.314,2021-01-15 11:55:00
"726",28.98,316,33.91753102,105.033,0.324,2021-01-15 11:55:00
"727",28.98,316,33.914266,105.033,0.324,2021-01-15 11:56:00
"728",28.97,316,33.91474393,104.55,0.276,2021-01-15 11:56:00
"729",28.98,316,33.9142667,104.688,0.29,2021-01-15 11:56:00
"730",28.98,316,33.95708356,104.794,0.301,2021-01-15 11:56:00
"731",28.99,316,33.95659831,104.929,0.314,2021-01-15 11:56:00
"732",29,316,33.94287278,104.929,0.314,2021-01-15 11:56:00
"733",28.99,316,33.96648613,104.863,0.308,2021-01-15 11:57:00
"734",29,316,33.95284885,104.966,0.318,2021-01-15 11:57:00
"735",29,316,33.95937878,104.619,0.283,2021-01-15 11:57:00
"736",29,316,33.94287417,105.225,0.344,2021-01-15 11:57:00
"737",29,316,33.93634544,104.898,0.311,2021-01-15 11:57:00
"738",29.01,316,33.94239143,105.018,0.323,2021-01-15 11:57:00
"739",29,316,33.92972658,104.932,0.314,2021-01-15 11:58:00
"740",29,316,33.92310758,104.966,0.318,2021-01-15 11:58:00
"741",29.01,316,33.91274664,104.674,0.289,2021-01-15 11:58:00
"742",28.99,316,33.94345026,104.794,0.301,2021-01-15 11:58:00
"743",29,316,33.94287661,104.398,0.261,2021-01-15 11:58:00
"744",29,316,33.95938192,104.898,0.311,2021-01-15 11:58:00
"745",29,316,33.95938227,105.449,0.366,2021-01-15 11:59:00
"746",29,316,33.92646466,104.915,0.313,2021-01-15 11:59:00
"747",29,316,33.95938297,105.208,0.342,2021-01-15 11:59:00
"748",29,316,33.9660038,105.053,0.326,2021-01-15 11:59:00
"749",28.99,316,33.93356666,104.932,0.314,2021-01-15 11:59:00
"750",28.99,316,33.95660493,104.45,0.266,2021-01-15 11:59:00
"751",29,316,33.93961483,104.794,0.301,2021-01-15 12:00:00
"752",29.01,316,33.94239631,104.656,0.287,2021-01-15 12:00:00
"753",29.03,316,33.91170381,105.018,0.323,2021-01-15 12:00:00
"754",29.01,316,33.91601473,104.984,0.32,2021-01-15 12:00:00
"755",29.03,316,33.89521224,104.915,0.313,2021-01-15 12:00:00
"756",29.04,316,33.91784064,105.208,0.342,2021-01-15 12:00:00
"757",29.03,316,33.90518064,105.087,0.33,2021-01-15 12:01:00
"758",29.03,316,33.93807771,104.898,0.311,2021-01-15 12:01:00
"759",29.05,316,33.90739729,104.846,0.306,2021-01-15 12:01:00
"760",29.03,316,33.93481569,104.622,0.284,2021-01-15 12:01:00
"761",29.04,316,33.9673193,105.139,0.335,2021-01-15 12:01:00
"762",29.04,316,33.93759587,104.88,0.309,2021-01-15 12:01:00
"763",29.04,316,33.9112289,104.656,0.287,2021-01-15 12:02:00
"764",29.06,316,33.91353262,105.208,0.342,2021-01-15 12:02:00
"765",29.06,316,33.9003099,104.949,0.316,2021-01-15 12:02:00
"766",29.08,316,33.89935616,104.691,0.29,2021-01-15 12:02:00
"767",29.06,316,33.90031059,104.484,0.27,2021-01-15 12:02:00
"768",29.08,316,33.89274806,104.76,0.297,2021-01-15 12:02:00
"769",29.06,316,33.92340691,104.45,0.266,2021-01-15 12:03:00
"770",29.09,316,33.89227272,104.501,0.271,2021-01-15 12:03:00
"771",29.1,316,33.90826795,104.501,0.271,2021-01-15 12:03:00
"772",29.1,316,33.86211638,104.932,0.314,2021-01-15 12:03:00
"773",29.1,316,33.87532782,104.57,0.278,2021-01-15 12:03:00
"774",29.12,316,33.87103459,104.811,0.302,2021-01-15 12:03:00
"775",29.12,316,33.84797014,105.038,0.325,2021-01-15 12:04:00
"776",29.11,316,33.84852953,105.225,0.344,2021-01-15 12:04:00
"777",29.1,316,33.88845063,104.863,0.308,2021-01-15 12:04:00
"778",29.11,316,33.88797528,105.073,0.328,2021-01-15 12:04:00
"779",29.08,316,33.89936068,105.09,0.33,2021-01-15 12:04:00
"780",29.09,316,33.86919654,104.728,0.294,2021-01-15 12:04:00
"781",29.08,316,33.90597038,104.711,0.292,2021-01-15 12:05:00
"782",29.08,316,33.90597073,104.659,0.287,2021-01-15 12:05:00
"783",29.08,316,33.88288574,104.762,0.297,2021-01-15 12:05:00
"784",29.06,316,33.90031651,104.556,0.277,2021-01-15 12:05:00
"785",29.06,316,33.90031686,104.625,0.284,2021-01-15 12:05:00
"786",29.1,316,33.88193819,104.78,0.299,2021-01-15 12:05:00
"787",29.04,316,33.95083476,105.245,0.346,2021-01-15 12:06:00
"788",29.09,316,33.89888656,104.952,0.316,2021-01-15 12:06:00
"789",29.09,316,33.91201217,104.625,0.284,2021-01-15 12:06:00
"790",29.03,316,33.94470506,104.332,0.255,2021-01-15 12:06:00
"791",29.09,316,33.93183807,104.487,0.27,2021-01-15 12:06:00
"792",29.08,316,33.955503,104.849,0.306,2021-01-15 12:06:00
"793",29.06,316,33.9267666,104.78,0.299,2021-01-15 12:07:00
"794",29.08,316,33.96211445,104.625,0.284,2021-01-15 12:07:00
"795",29.06,316,33.96309195,104.659,0.287,2021-01-15 12:07:00
"796",29.1,316,33.91488352,104.9,0.311,2021-01-15 12:07:00
"797",29.12,316,33.93038942,105.383,0.359,2021-01-15 12:07:00
"798",29.11,316,33.91440366,105.314,0.352,2021-01-15 12:07:00
"799",29.05,316,34.00327243,105.21,0.342,2021-01-15 12:08:00
"800",29.1,316,33.95118117,104.986,0.32,2021-01-15 12:08:00
"801",29.14,316,33.89315676,105.055,0.327,2021-01-15 12:08:00
"802",29.06,316,33.93329141,104.935,0.315,2021-01-15 12:08:00
"803",29.09,316,33.97484849,104.952,0.316,2021-01-15 12:08:00
"804",29.08,316,33.96872888,104.883,0.309,2021-01-15 12:08:00
"805",29.08,316,34.02497597,104.9,0.311,2021-01-15 12:09:00
"806",29,316,34.07533714,104.917,0.313,2021-01-15 12:09:00
"807",29.08,316,34.01836396,104.866,0.308,2021-01-15 12:09:00
"808",29.12,316,33.97337579,104.883,0.309,2021-01-15 12:09:00
"809",29.17,316,33.92137407,104.969,0.318,2021-01-15 12:09:00
"810",29.22,316,33.93882599,104.676,0.289,2021-01-15 12:09:00
"811",29.21,316,33.92937703,104.711,0.292,2021-01-15 12:10:00
"812",29.24,316,33.86861245,105.055,0.327,2021-01-15 12:10:00
"813",29.25,316,33.88465233,104.745,0.296,2021-01-15 12:10:00
"814",29.26,316,33.87091069,104.625,0.284,2021-01-15 12:10:00
"815",29.26,316,33.86766293,105.021,0.323,2021-01-15 12:10:00
"816",29.26,316,33.87424977,104.814,0.303,2021-01-15 12:10:00
"817",29.26,316,33.91052457,105.004,0.322,2021-01-15 12:11:00
"818",29.26,316,33.90068869,104.745,0.296,2021-01-15 12:11:00
"819",29.26,316,33.87758924,105.245,0.346,2021-01-15 12:11:00
"820",29.24,316,33.92142245,104.711,0.292,2021-01-15 12:11:00
"821",29.24,316,33.9049022,104.762,0.297,2021-01-15 12:11:00
"822",29.2,316,33.94974412,104.693,0.291,2021-01-15 12:11:00
"823",29.19,316,33.93369571,105.092,0.33,2021-01-15 12:12:00
"824",29.16,316,33.98805376,104.765,0.298,2021-01-15 12:12:00
"825",29.21,316,33.91953588,104.782,0.299,2021-01-15 12:12:00
"826",29.21,316,33.91953622,104.765,0.298,2021-01-15 12:12:00
"827",29.19,316,33.95683232,104.955,0.317,2021-01-15 12:12:00
"828",29.19,316,33.9237573,104.817,0.303,2021-01-15 12:12:00
"829",29.16,316,33.93841009,104.886,0.31,2021-01-15 12:13:00
"830",29.14,316,33.96579593,105.041,0.325,2021-01-15 12:13:00
"831",29.12,316,33.95682316,104.903,0.311,2021-01-15 12:13:00
"832",29.1,316,33.98758531,104.851,0.306,2021-01-15 12:13:00
"833",29.1,316,33.99419501,104.989,0.32,2021-01-15 12:13:00
"834",29.11,316,33.98048417,104.92,0.313,2021-01-15 12:13:00
"835",29.1,316,33.97101862,104.989,0.32,2021-01-15 12:14:00
"836",29.1,316,33.96115136,104.748,0.296,2021-01-15 12:14:00
"837",29.12,316,33.97999239,104.972,0.318,2021-01-15 12:14:00
"838",29.17,316,33.91153136,105.11,0.332,2021-01-15 12:14:00
"839",29.28,316,33.84696916,105.092,0.33,2021-01-15 12:14:00
"840",29.27,316,33.85402617,105.11,0.332,2021-01-15 12:14:00
"841",29.28,316,33.87664213,105.006,0.322,2021-01-15 12:15:00
"842",29.3,316,33.85594252,104.817,0.303,2021-01-15 12:15:00
"843",29.27,316,33.85068975,104.972,0.318,2021-01-15 12:15:00
"844",29.3,316,33.79663008,105.161,0.337,2021-01-15 12:15:00
"845",29.31,316,33.8159026,105.006,0.322,2021-01-15 12:15:00
"846",29.32,316,33.82534753,104.955,0.317,2021-01-15 12:15:00
"847",29.3,316,33.83944668,105.558,0.377,2021-01-15 12:16:00
"848",29.31,316,33.84889042,104.834,0.305,2021-01-15 12:16:00
"849",29.32,316,33.80561573,105.213,0.342,2021-01-15 12:16:00
"850",29.27,316,33.84086051,105.196,0.341,2021-01-15 12:16:00
"851",29.3,316,33.81312674,104.92,0.313,2021-01-15 12:16:00
"852",29.31,316,33.8126607,104.972,0.318,2021-01-15 12:16:00
"853",29.31,316,33.82248429,104.92,0.313,2021-01-15 12:17:00
"854",29.31,316,33.82906376,105.213,0.342,2021-01-15 12:17:00
"855",29.31,316,33.81266174,104.713,0.293,2021-01-15 12:17:00
"856",29.33,316,33.80515269,104.955,0.317,2021-01-15 12:17:00
"857",29.33,316,33.78866837,104.955,0.317,2021-01-15 12:17:00
"858",29.33,316,33.81497273,105.041,0.325,2021-01-15 12:17:00
"859",29.35,316,33.78450222,104.989,0.32,2021-01-15 12:18:00
"860",29.33,316,33.7722761,105.144,0.335,2021-01-15 12:18:00
"861",29.32,316,33.7891322,104.989,0.32,2021-01-15 12:18:00
"862",29.32,316,33.81877525,104.765,0.298,2021-01-15 12:18:00
"863",29.33,316,33.80515511,104.731,0.294,2021-01-15 12:18:00
"864",29.33,316,33.81173167,105.127,0.334,2021-01-15 12:18:00
"865",29.33,316,33.7985798,104.92,0.313,2021-01-15 12:19:00
"866",29.35,316,33.78117311,104.834,0.305,2021-01-15 12:19:00
"867",29.36,316,33.78404272,104.834,0.305,2021-01-15 12:19:00
"868",29.36,316,33.75118621,105.127,0.334,2021-01-15 12:19:00
"869",29.36,316,33.78404342,104.937,0.315,2021-01-15 12:19:00
"870",29.36,316,33.79061575,104.92,0.313,2021-01-15 12:19:00
"871",29.33,316,33.80515788,104.851,0.306,2021-01-15 12:20:00
"872",29.35,316,33.8141327,104.713,0.293,2021-01-15 12:20:00
"873",29.35,316,33.73516965,104.765,0.298,2021-01-15 12:20:00
"874",29.33,316,33.82822159,104.679,0.289,2021-01-15 12:20:00
"875",29.32,316,33.80562472,104.975,0.319,2021-01-15 12:20:00
"876",29.33,316,33.81173582,104.992,0.32,2021-01-15 12:20:00
"877",29.35,316,33.77460403,104.923,0.313,2021-01-15 12:21:00
"878",29.36,316,33.77747475,104.94,0.315,2021-01-15 12:21:00
"879",29.37,316,33.72769606,105.061,0.327,2021-01-15 12:21:00
"880",29.37,316,33.72769641,104.957,0.317,2021-01-15 12:21:00
"881",29.36,316,33.75776167,105.25,0.346,2021-01-15 12:21:00
"882",29.37,316,33.7408354,105.061,0.327,2021-01-15 12:21:00
"883",29.37,316,33.74083574,104.699,0.291,2021-01-15 12:22:00
"884",29.38,316,33.72400661,105.319,0.353,2021-01-15 12:22:00
"885",29.38,316,33.72400696,104.871,0.308,2021-01-15 12:22:00
"886",29.39,316,33.7267937,105.061,0.327,2021-01-15 12:22:00
"887",29.37,316,33.77368644,104.992,0.32,2021-01-15 12:22:00
"888",29.38,316,33.73057574,105.354,0.356,2021-01-15 12:22:00
"889",29.39,316,33.72355647,105.061,0.327,2021-01-15 12:23:00
"890",29.38,316,33.7863655,105.044,0.326,2021-01-15 12:23:00
"891",29.37,316,33.80663226,104.854,0.307,2021-01-15 12:23:00
"892",29.38,316,33.76665837,104.837,0.305,2021-01-15 12:23:00
"893",29.32,316,33.84185431,104.923,0.313,2021-01-15 12:23:00
"894",29.32,316,33.80229762,104.871,0.308,2021-01-15 12:23:00
"895",29.25,316,33.85823973,104.802,0.301,2021-01-15 12:24:00
"896",29.3,316,33.84938007,104.837,0.305,2021-01-15 12:24:00
"897",29.31,316,33.79294104,104.733,0.295,2021-01-15 12:24:00
"898",29.31,316,33.82583447,104.578,0.279,2021-01-15 12:24:00
"899",29.22,316,33.90255127,104.906,0.312,2021-01-15 12:24:00
"900",29.27,316,33.86387924,105.009,0.322,2021-01-15 12:24:00
"901",29.16,316,33.94169018,105.164,0.337,2021-01-15 12:25:00
"902",29.22,316,33.89921107,104.771,0.298,2021-01-15 12:25:00
"903",29.31,316,33.8455745,104.995,0.321,2021-01-15 12:25:00
"904",29.28,316,33.8601588,104.926,0.314,2021-01-15 12:25:00
"905",29.21,316,33.92281548,104.908,0.312,2021-01-15 12:25:00
"906",29.19,316,33.96345737,104.926,0.314,2021-01-15 12:25:00
"907",29.19,316,33.92044132,104.771,0.298,2021-01-15 12:26:00
"908",29.14,316,33.91625527,105.115,0.333,2021-01-15 12:26:00
"909",29.12,316,33.93703352,105.305,0.351,2021-01-15 12:26:00
"910",29.14,316,33.95587307,105.15,0.336,2021-01-15 12:26:00
"911",28.99,316,34.00954888,105.167,0.338,2021-01-15 12:26:00
"912",29.03,316,33.9910668,105.063,0.327,2021-01-15 12:26:00
"913",29.08,316,33.98198934,104.822,0.303,2021-01-15 12:27:00
"914",29.27,316,33.88373045,104.736,0.295,2021-01-15 12:27:00
"915",29.31,316,33.8521585,104.684,0.29,2021-01-15 12:27:00
"916",29.35,316,33.82729634,104.702,0.291,2021-01-15 12:27:00
"917",29.38,316,33.81274478,104.633,0.285,2021-01-15 12:27:00
"918",29.38,316,33.78970499,105.081,0.329,2021-01-15 12:27:00
"919",29.39,316,33.81884667,104.874,0.309,2021-01-15 12:28:00
"920",29.39,316,33.81227772,104.805,0.302,2021-01-15 12:28:00
"921",29.37,316,33.87587866,104.891,0.31,2021-01-15 12:28:00
"922",29.42,316,33.86043582,104.547,0.276,2021-01-15 12:28:00
"923",29.43,316,33.82038669,105.029,0.324,2021-01-15 12:28:00
"924",29.44,316,33.82000634,104.977,0.319,2021-01-15 12:28:00
"925",29.46,316,33.82239054,104.943,0.315,2021-01-15 12:29:00
"926",29.44,316,33.82000703,105.201,0.341,2021-01-15 12:29:00
"927",29.41,316,33.85101787,105.081,0.329,2021-01-15 12:29:00
"928",29.36,316,33.91599271,104.977,0.319,2021-01-15 12:29:00
"929",29.37,316,33.87921325,105.046,0.326,2021-01-15 12:29:00
"930",29.44,316,33.86622772,104.995,0.321,2021-01-15 12:29:00
"931",29.43,316,33.88982481,104.891,0.31,2021-01-15 12:30:00
"932",29.44,316,33.8827763,104.822,0.303,2021-01-15 12:30:00
"933",29.43,316,33.83028239,104.908,0.312,2021-01-15 12:30:00
"934",29.47,316,33.8516688,104.891,0.31,2021-01-15 12:30:00
"935",29.48,316,33.83474831,104.719,0.293,2021-01-15 12:30:00
"936",29.47,316,33.82201256,104.926,0.314,2021-01-15 12:30:00
"937",29.46,316,33.79273651,105.27,0.348,2021-01-15 12:31:00
"938",29.46,316,33.83560774,104.926,0.314,2021-01-15 12:31:00
"939",29.46,316,33.7927372,104.857,0.307,2021-01-15 12:31:00
"940",29.44,316,33.82657547,105.029,0.324,2021-01-15 12:31:00
"941",29.41,316,33.86091996,105.443,0.365,2021-01-15 12:31:00
"942",29.38,316,33.84902874,104.943,0.315,2021-01-15 12:31:00
"943",29.42,316,33.82743008,104.926,0.314,2021-01-15 12:32:00
"944",29.42,316,33.84398126,105.253,0.346,2021-01-15 12:32:00
"945",29.43,316,33.83028654,105.115,0.333,2021-01-15 12:32:00
"946",29.48,316,33.81166131,104.891,0.31,2021-01-15 12:32:00
"947",29.47,316,33.81869145,105.081,0.329,2021-01-15 12:32:00
"948",29.47,316,33.79559858,104.736,0.295,2021-01-15 12:32:00
"949",29.43,316,33.85672947,105.15,0.336,2021-01-15 12:33:00
"950",29.39,316,33.85845748,105.063,0.327,2021-01-15 12:33:00
"951",29.32,316,33.88801858,105.098,0.331,2021-01-15 12:33:00
"952",29.33,316,33.8678033,105.15,0.336,2021-01-15 12:33:00
"953",29.36,316,33.85322358,104.908,0.312,2021-01-15 12:33:00
"954",29.42,316,33.86044688,105.184,0.339,2021-01-15 12:33:00
"955",29.33,316,33.88096085,104.615,0.283,2021-01-15 12:34:00
"956",29.47,316,33.8153697,105.236,0.345,2021-01-15 12:34:00
"957",29.48,316,33.83143139,105.063,0.327,2021-01-15 12:34:00
"958",29.47,316,33.77251134,105.063,0.327,2021-01-15 12:34:00
"959",29.5,316,33.79429088,105.494,0.37,2021-01-15 12:34:00
"960",29.39,316,33.80572245,104.977,0.319,2021-01-15 12:34:00
"961",29.5,316,33.72847638,104.908,0.312,2021-01-15 12:35:00
"962",29.47,316,33.76595434,104.977,0.319,2021-01-15 12:35:00
"963",29.52,316,33.73088667,105.15,0.336,2021-01-15 12:35:00
"964",29.46,316,33.79607093,104.771,0.298,2021-01-15 12:35:00
"965",29.5,316,33.76798237,105.152,0.336,2021-01-15 12:35:00
"966",29.54,316,33.73329438,104.601,0.281,2021-01-15 12:35:00
"967",29.53,316,33.77655654,105.221,0.343,2021-01-15 12:36:00
"968",29.55,316,33.71642425,105.049,0.326,2021-01-15 12:36:00
"969",29.49,316,33.75847775,105.187,0.34,2021-01-15 12:36:00
"970",29.55,316,33.72629093,105.083,0.329,2021-01-15 12:36:00
"971",29.53,316,33.75681458,105.273,0.348,2021-01-15 12:36:00
"972",29.53,316,33.74030373,104.997,0.321,2021-01-15 12:36:00
"973",29.46,316,33.7795389,104.98,0.319,2021-01-15 12:37:00
"974",29.43,316,33.82373165,105.049,0.326,2021-01-15 12:37:00
"975",29.41,316,33.80479342,105.066,0.328,2021-01-15 12:37:00
"976",29.39,316,33.79259041,104.877,0.309,2021-01-15 12:37:00
"977",29.39,316,33.82552622,105.29,0.35,2021-01-15 12:37:00
"978",29.38,316,33.82590708,105.152,0.336,2021-01-15 12:37:00
"979",29.37,316,33.77371825,104.842,0.305,2021-01-15 12:38:00
"980",29.37,316,33.81647535,105.049,0.326,2021-01-15 12:38:00
"981",29.38,316,33.7732582,105.032,0.324,2021-01-15 12:38:00
"982",29.35,316,33.8701923,105.152,0.336,2021-01-15 12:38:00
"983",29.32,316,33.91777636,105.101,0.331,2021-01-15 12:38:00
"984",29.52,316,33.85289045,104.911,0.312,2021-01-15 12:38:00
"985",29.57,316,33.74188192,105.032,0.324,2021-01-15 12:39:00
"986",29.59,316,33.77072414,105.135,0.335,2021-01-15 12:39:00
"987",29.58,316,33.77773496,105.583,0.379,2021-01-15 12:39:00
"988",29.59,316,33.7542304,105.376,0.359,2021-01-15 12:39:00
"989",29.58,316,33.75137541,105.066,0.328,2021-01-15 12:39:00
"990",29.58,316,33.75137576,105.601,0.381,2021-01-15 12:39:00
"991",29.57,316,33.78143093,104.963,0.317,2021-01-15 12:40:00
"992",29.58,316,33.75792137,105.29,0.35,2021-01-15 12:40:00
"993",29.59,316,33.76740964,105.101,0.331,2021-01-15 12:40:00
"994",29.6,316,33.75386003,104.911,0.312,2021-01-15 12:40:00
"995",29.6,316,33.77689495,105.187,0.34,2021-01-15 12:40:00
"996",29.59,316,33.73451325,104.894,0.311,2021-01-15 12:40:00
"997",29.57,316,33.79138816,105.083,0.329,2021-01-15 12:41:00
"998",29.58,316,33.72502156,105.152,0.336,2021-01-15 12:41:00
"999",29.58,316,33.74151703,104.997,0.321,2021-01-15 12:41:00
"1000",29.6,316,33.73737196,105.445,0.365,2021-01-15 12:41:00
"1001",29.62,316,33.6970404,104.67,0.288,2021-01-15 12:41:00
"1002",29.58,316,33.7744225,105.221,0.343,2021-01-15 12:41:00
"1003",29.62,316,33.70366918,104.911,0.312,2021-01-15 12:42:00
"1004",29.63,316,33.69990255,105.221,0.343,2021-01-15 12:42:00
"1005",29.64,316,33.69953939,104.928,0.314,2021-01-15 12:42:00
"1006",29.64,316,33.69953974,105.859,0.407,2021-01-15 12:42:00
"1007",29.64,316,33.66668284,105.532,0.374,2021-01-15 12:42:00
"1008",29.64,316,33.69954043,105.394,0.36,2021-01-15 12:42:00
"1009",29.64,316,33.69954077,105.514,0.372,2021-01-15 12:43:00
"1010",29.65,316,33.67608256,105.532,0.374,2021-01-15 12:43:00
"1011",29.65,316,33.64985805,105.135,0.335,2021-01-15 12:43:00
"1012",29.65,316,33.6728609,105.135,0.335,2021-01-15 12:43:00
"1013",29.65,316,33.67939549,105.345,0.355,2021-01-15 12:43:00
"1014",29.66,316,33.68225744,104.966,0.318,2021-01-15 12:43:00
"1015",29.65,316,33.70571422,105.069,0.328,2021-01-15 12:44:00
"1016",29.64,316,33.7290922,104.897,0.311,2021-01-15 12:44:00
"1017",29.65,316,33.69586763,104.914,0.313,2021-01-15 12:44:00
"1018",29.66,316,33.68888167,104.897,0.311,2021-01-15 12:44:00
"1019",29.65,316,33.65317229,104.948,0.316,2021-01-15 12:44:00
"1020",29.66,316,33.23060666,105.017,0.323,2021-01-15 12:44:00
"1021",29.66,316,33.24025216,105.31,0.352,2021-01-15 12:45:00
"1022",29.66,316,33.23060735,105.328,0.354,2021-01-15 12:45:00
"1023",29.64,316,33.22196352,105.19,0.34,2021-01-15 12:45:00
"1024",29.62,316,33.25817712,105.086,0.33,2021-01-15 12:45:00
"1025",29.62,316,33.24217886,105.224,0.343,2021-01-15 12:45:00
"1026",29.63,316,33.19668884,105.396,0.361,2021-01-15 12:45:00
"1027",29.63,316,33.2288536,105.431,0.364,2021-01-15 12:46:00
"1028",29.68,316,33.21041221,105.207,0.342,2021-01-15 12:46:00
"1029",29.6,316,33.23987884,105.621,0.383,2021-01-15 12:46:00
"1030",29.59,316,33.28532098,105.276,0.349,2021-01-15 12:46:00
"1031",29.57,316,33.26701706,105.086,0.33,2021-01-15 12:46:00
"1032",29.52,316,33.2886698,105.086,0.33,2021-01-15 12:46:00
"1033",29.57,316,33.25091459,105.724,0.393,2021-01-15 12:47:00
"1034",29.49,316,33.31587278,105.121,0.333,2021-01-15 12:47:00
"1035",29.39,316,33.37551273,105.276,0.349,2021-01-15 12:47:00
"1036",29.58,316,33.26333637,105.328,0.354,2021-01-15 12:47:00
"1037",29.6,316,33.64545783,105.017,0.323,2021-01-15 12:47:00
"1038",29.57,316,33.6532379,105.155,0.337,2021-01-15 12:47:00
"1039",29.59,316,33.63604569,105.537,0.375,2021-01-15 12:48:00
"1040",29.59,316,33.65898232,105.003,0.321,2021-01-15 12:48:00
"1041",29.55,316,33.65412491,105.554,0.376,2021-01-15 12:48:00
"1042",29.6,316,33.61267661,105.33,0.354,2021-01-15 12:48:00
"1043",29.62,316,33.63803815,105.365,0.357,2021-01-15 12:48:00
"1044",29.46,316,33.67454156,105.123,0.333,2021-01-15 12:48:00
"1045",29.6,316,33.64546058,105.399,0.361,2021-01-15 12:49:00
"1046",29.59,316,33.60335029,105.141,0.335,2021-01-15 12:49:00
"1047",29.52,316,33.68820206,105.399,0.361,2021-01-15 12:49:00
"1048",29.54,316,33.71035759,105.296,0.351,2021-01-15 12:49:00
"1049",29.58,316,33.68237293,105.347,0.356,2021-01-15 12:49:00
"1050",29.57,316,33.64669917,104.968,0.318,2021-01-15 12:49:00
"1051",29.63,316,33.62452896,105.003,0.321,2021-01-15 12:50:00
"1052",29.62,316,33.66096535,105.227,0.344,2021-01-15 12:50:00
"1053",29.65,316,33.64002783,105.054,0.327,2021-01-15 12:50:00
"1054",29.68,316,33.62895065,105.468,0.368,2021-01-15 12:50:00
"1055",29.69,316,33.59578256,105.434,0.364,2021-01-15 12:50:00
"1056",29.7,316,33.63799342,105.313,0.352,2021-01-15 12:50:00
"1057",29.69,316,33.5990915,105.675,0.388,2021-01-15 12:51:00
"1058",29.63,316,33.63760177,105.744,0.395,2021-01-15 12:51:00
"1059",29.65,316,33.66625352,105.641,0.385,2021-01-15 12:51:00
"1060",29.7,316,33.63799479,105.537,0.375,2021-01-15 12:51:00
"1061",29.73,316,33.61048257,105.451,0.366,2021-01-15 12:51:00
"1062",29.62,316,33.66096879,105.365,0.357,2021-01-15 12:51:00
"1063",29.54,316,33.67753424,105.192,0.34,2021-01-15 12:52:00
"1064",29.53,316,33.71736548,105.416,0.363,2021-01-15 12:52:00
"1065",29.54,316,33.70049642,105.485,0.369,2021-01-15 12:52:00
"1066",29.73,316,33.64989289,105.554,0.376,2021-01-15 12:52:00
"1067",29.63,316,33.66383764,105.675,0.388,2021-01-15 12:52:00
"1068",29.74,316,33.61665708,105.658,0.387,2021-01-15 12:52:00
"1069",29.77,316,33.60560354,105.52,0.373,2021-01-15 12:53:00
"1070",29.79,316,33.56224484,105.054,0.327,2021-01-15 12:53:00
"1071",29.77,316,33.60560423,105.296,0.351,2021-01-15 12:53:00
"1072",29.79,316,33.60151336,105.192,0.34,2021-01-15 12:53:00
"1073",29.79,316,33.60151371,105.589,0.38,2021-01-15 12:53:00
"1074",29.77,316,33.60560525,105.468,0.368,2021-01-15 12:53:00
"1075",29.62,316,33.67736194,105.968,0.417,2021-01-15 12:54:00
"1076",29.63,316,33.67700312,105.71,0.392,2021-01-15 12:54:00
"1077",29.69,316,33.62198936,105.503,0.371,2021-01-15 12:54:00
"1078",29.47,316,33.73967308,105.382,0.359,2021-01-15 12:54:00
"1079",29.63,316,33.68354088,105.52,0.373,2021-01-15 12:54:00
"1080",29.74,316,33.59370203,105.434,0.364,2021-01-15 12:54:00
"1081",29.69,316,33.61868212,105.606,0.381,2021-01-15 12:55:00
"1082",29.62,316,33.63805157,105.416,0.363,2021-01-15 12:55:00
"1083",29.41,316,33.74897711,105.865,0.407,2021-01-15 12:55:00
"1084",29.36,316,33.76764369,105.089,0.33,2021-01-15 12:55:00
"1085",29.33,316,33.8216278,105.21,0.342,2021-01-15 12:55:00
"1086",29.36,316,33.8005038,105.057,0.327,2021-01-15 12:55:00
"1087",29.41,316,33.78513327,105.333,0.354,2021-01-15 12:56:00
"1088",29.42,316,33.79779986,105.143,0.335,2021-01-15 12:56:00
"1089",29.49,316,33.75851915,105.195,0.341,2021-01-15 12:56:00
"1090",29.48,316,33.76553696,105.678,0.389,2021-01-15 12:56:00
"1091",29.5,316,33.76138136,105.23,0.344,2021-01-15 12:56:00
"1092",29.64,316,33.66671207,105.367,0.358,2021-01-15 12:56:00
"1093",29.7,316,25.83674881,105.264,0.347,2021-01-15 12:57:00
"1094",29.75,316,33.67536637,105.609,0.382,2021-01-15 12:57:00
"1095",29.76,316,33.65195827,105.161,0.337,2021-01-15 12:57:00
"1096",29.77,316,33.61543463,105.574,0.378,2021-01-15 12:57:00
"1097",29.76,316,33.65195895,105.54,0.375,2021-01-15 12:57:00
"1098",29.68,316,33.67494388,106.161,0.437,2021-01-15 12:57:00
"1099",29.65,316,33.66626727,105.419,0.363,2021-01-15 12:58:00
"1100",29.62,316,33.69385006,105.505,0.371,2021-01-15 12:58:00
"1101",29.59,316,33.73123305,105.006,0.322,2021-01-15 12:58:00
"1102",29.75,316,33.67536912,104.73,0.294,2021-01-15 12:58:00
"1103",29.75,316,33.66554131,105.109,0.332,2021-01-15 12:58:00
"1104",29.5,316,33.75815347,105.23,0.344,2021-01-15 12:58:00
"1105",29.63,316,33.7328952,105.505,0.371,2021-01-15 12:59:00
"1106",29.57,316,33.7419236,105.367,0.358,2021-01-15 12:59:00
"1107",29.71,316,33.66385204,105.661,0.387,2021-01-15 12:59:00
"1108",29.65,316,33.67942816,105.264,0.347,2021-01-15 12:59:00
"1109",29.63,316,33.70987924,105.333,0.354,2021-01-15 12:59:00
"1110",29.69,316,33.6613504,105.35,0.356,2021-01-15 12:59:00
"1111",29.74,316,33.63963349,105.385,0.359,2021-01-15 13:00:00
"1112",29.71,316,33.68021612,105.505,0.371,2021-01-15 13:00:00
"1113",29.58,316,33.72183401,105.525,0.373,2021-01-15 13:00:00
"1114",29.64,316,33.67987983,105.439,0.365,2021-01-15 13:00:00
"1115",29.41,316,33.77524923,105.784,0.399,2021-01-15 13:00:00
"1116",29.7,316,33.71689146,105.525,0.373,2021-01-15 13:00:00
"1117",29.69,316,33.68434,105.422,0.363,2021-01-15 13:01:00
"1118",29.65,316,33.70574964,105.732,0.394,2021-01-15 13:01:00
"1119",29.65,316,33.71228524,105.474,0.368,2021-01-15 13:01:00
"1120",29.62,316,33.73989893,105.112,0.332,2021-01-15 13:01:00
"1121",29.62,316,33.71687702,105.077,0.329,2021-01-15 13:01:00
"1122",29.6,316,33.71438368,105.094,0.33,2021-01-15 13:01:00
"1123",29.57,316,33.72883845,105.025,0.324,2021-01-15 13:02:00
"1124",29.58,316,33.7612842,105.181,0.339,2021-01-15 13:02:00
"1125",29.55,316,33.74284849,105.215,0.343,2021-01-15 13:02:00
"1126",29.55,316,33.73298207,105.405,0.361,2021-01-15 13:02:00
"1127",29.58,316,33.73492705,105.301,0.351,2021-01-15 13:02:00
"1128",29.62,316,33.74644153,105.336,0.355,2021-01-15 13:02:00
"1129",29.65,316,33.71891367,105.301,0.351,2021-01-15 13:03:00
"1130",29.65,316,33.71891402,105.767,0.397,2021-01-15 13:03:00
"1131",29.64,316,33.69626992,105.491,0.37,2021-01-15 13:03:00
"1132",29.63,316,33.7164249,105.715,0.392,2021-01-15 13:03:00
"1133",29.62,316,33.71688115,105.56,0.377,2021-01-15 13:03:00
"1134",29.58,316,33.74488063,105.646,0.385,2021-01-15 13:03:00
"1135",29.57,316,33.74193359,106.008,0.421,2021-01-15 13:04:00
"1136",29.59,316,33.74442118,105.299,0.351,2021-01-15 13:04:00
"1137",29.49,316,33.79481955,105.798,0.401,2021-01-15 13:04:00
"1138",29.39,316,33.81235308,105.523,0.373,2021-01-15 13:04:00
"1139",29.27,316,33.86071465,105.471,0.368,2021-01-15 13:04:00
"1140",29.22,316,33.8894508,105.419,0.363,2021-01-15 13:04:00
"1141",29.28,316,33.84049053,105.592,0.38,2021-01-15 13:05:00
"1142",29.33,316,33.85462327,105.35,0.356,2021-01-15 13:05:00
"1143",29.36,316,33.81700015,105.264,0.347,2021-01-15 13:05:00
"1144",29.39,316,33.8024566,105.436,0.365,2021-01-15 13:05:00
"1145",29.41,316,33.77525959,104.971,0.318,2021-01-15 13:05:00
"1146",29.41,316,33.77525994,105.557,0.377,2021-01-15 13:05:00
"1147",29.41,316,33.78839204,105.35,0.356,2021-01-15 13:06:00
"1148",29.35,316,33.79117538,105.505,0.371,2021-01-15 13:06:00
"1149",29.33,316,33.85138195,105.54,0.375,2021-01-15 13:06:00
"1150",29.35,316,33.82404509,105.333,0.354,2021-01-15 13:06:00
"1151",29.32,316,33.82545311,105.092,0.33,2021-01-15 13:06:00
"1152",29.32,316,33.81887563,105.505,0.371,2021-01-15 13:06:00
"1153",29.31,316,33.82592275,105.919,0.413,2021-01-15 13:07:00
"1154",29.3,316,33.84946942,105.557,0.377,2021-01-15 13:07:00
"1155",29.25,316,33.81880983,106.316,0.452,2021-01-15 13:07:00
"1156",29.21,316,33.88659314,106.057,0.426,2021-01-15 13:07:00
"1157",29.24,316,33.86539256,105.919,0.413,2021-01-15 13:07:00
"1158",29.22,316,33.85650043,105.574,0.378,2021-01-15 13:07:00
"1159",29.22,316,33.85650078,105.419,0.363,2021-01-15 13:08:00
"1160",29.21,316,33.84704058,105.178,0.339,2021-01-15 13:08:00
"1161",29.22,316,33.87293399,105.281,0.349,2021-01-15 13:08:00
"1162",29.24,316,33.85221731,105.402,0.361,2021-01-15 13:08:00
"1163",29.22,316,33.85975245,105.505,0.371,2021-01-15 13:08:00
"1164",29.21,316,33.86356703,105.385,0.359,2021-01-15 13:08:00
"1165",29.2,316,33.87063439,105.178,0.339,2021-01-15 13:09:00
"1166",29.22,316,33.8499125,105.264,0.347,2021-01-15 13:09:00
"1167",29.22,316,33.84991284,105.23,0.344,2021-01-15 13:09:00
"1168",29.19,316,33.82829295,105.178,0.339,2021-01-15 13:09:00
"1169",29.15,316,33.87300711,105.281,0.349,2021-01-15 13:09:00
"1170",29.12,316,33.91070477,105.454,0.366,2021-01-15 13:09:00
"1171",29.14,316,33.88668388,105.661,0.387,2021-01-15 13:10:00
"1172",29.19,316,33.90734095,105.471,0.368,2021-01-15 13:10:00
"1173",29.22,316,33.87293815,106.126,0.433,2021-01-15 13:10:00
"1174",29.24,316,33.84238438,105.643,0.385,2021-01-15 13:10:00
"1175",29.3,316,33.95191344,105.867,0.407,2021-01-15 13:10:00
"1176",29.37,316,33.89911063,106.109,0.431,2021-01-15 13:10:00
"1177",29.39,316,33.91479885,105.557,0.377,2021-01-15 13:11:00
"1178",29.42,316,33.88040654,105.681,0.389,2021-01-15 13:11:00
"1179",29.42,316,33.89363277,105.543,0.375,2021-01-15 13:11:00
"1180",29.48,316,33.86125113,105.474,0.368,2021-01-15 13:11:00
"1181",29.49,316,33.89392851,105.439,0.365,2021-01-15 13:11:00
"1182",29.49,316,33.87739503,105.508,0.372,2021-01-15 13:11:00
"1183",29.53,316,33.83273012,105.646,0.385,2021-01-15 13:12:00
"1184",29.43,316,33.87992725,105.491,0.37,2021-01-15 13:12:00
"1185",29.39,316,33.91480161,105.077,0.329,2021-01-15 13:12:00
"1186",29.39,316,33.90156759,105.474,0.368,2021-01-15 13:12:00
"1187",29.36,316,33.90284071,105.094,0.33,2021-01-15 13:12:00
"1188",29.33,316,33.91745147,105.181,0.339,2021-01-15 13:12:00
"1189",29.33,316,33.91745182,105.663,0.387,2021-01-15 13:13:00
"1190",29.33,316,33.93394685,105.508,0.372,2021-01-15 13:13:00
"1191",29.33,316,33.91078289,105.577,0.379,2021-01-15 13:13:00
"1192",29.35,316,33.88017387,106.474,0.468,2021-01-15 13:13:00
"1193",29.37,316,33.91235552,105.853,0.406,2021-01-15 13:13:00
"1194",29.41,316,33.87090514,105.922,0.413,2021-01-15 13:13:00
"1195",29.43,316,33.87993105,105.474,0.368,2021-01-15 13:14:00
"1196",29.52,316,33.88933378,105.939,0.415,2021-01-15 13:14:00
"1197",29.6,316,33.82322051,106.129,0.433,2021-01-15 13:14:00
"1198",29.63,316,33.82860589,105.836,0.404,2021-01-15 13:14:00
"1199",29.7,316,33.80262751,105.836,0.404,2021-01-15 13:14:00
"1200",29.74,316,33.77462546,105.543,0.375,2021-01-15 13:14:00
"1201",29.77,316,33.78009893,105.456,0.367,2021-01-15 13:15:00
"1202",29.77,316,33.78009927,105.353,0.356,2021-01-15 13:15:00
"1203",29.8,316,33.75912862,105.491,0.37,2021-01-15 13:15:00
"1204",29.81,316,33.75214351,105.422,0.363,2021-01-15 13:15:00
"1205",29.82,316,33.72204221,105.267,0.348,2021-01-15 13:15:00
"1206",29.84,316,33.7312025,105.405,0.361,2021-01-15 13:15:00
"1207",29.81,316,33.75214454,105.732,0.394,2021-01-15 13:16:00
"1208",29.82,316,33.73195092,105.198,0.341,2021-01-15 13:16:00
"1209",29.85,316,33.69452329,105.836,0.404,2021-01-15 13:16:00
"1210",29.87,316,33.7102841,105.146,0.336,2021-01-15 13:16:00
"1211",29.91,316,33.6824255,105.887,0.409,2021-01-15 13:16:00
"1212",29.91,316,33.68242584,105.612,0.382,2021-01-15 13:16:00
"1213",29.86,316,33.69415697,105.405,0.361,2021-01-15 13:17:00
"1214",29.81,316,33.74553995,105.612,0.382,2021-01-15 13:17:00
"1215",29.73,316,33.74532369,105.56,0.377,2021-01-15 13:17:00
"1216",29.73,316,33.75855723,105.922,0.413,2021-01-15 13:17:00
"1217",29.73,316,33.73870809,105.612,0.382,2021-01-15 13:17:00
"1218",29.73,316,33.7288738,105.887,0.409,2021-01-15 13:17:00
"1219",29.74,316,33.69882846,106.06,0.427,2021-01-15 13:18:00
"1220",29.73,316,33.72225871,105.439,0.365,2021-01-15 13:18:00
"1221",29.73,316,33.72225906,105.629,0.384,2021-01-15 13:18:00
"1222",29.74,316,33.7383369,105.767,0.397,2021-01-15 13:18:00
"1223",29.74,316,33.74495232,105.577,0.379,2021-01-15 13:18:00
"1224",29.76,316,33.72436652,105.663,0.387,2021-01-15 13:18:00
"1225",29.77,316,33.6712934,105.387,0.36,2021-01-15 13:19:00
"1226",29.77,316,33.68772835,105.405,0.361,2021-01-15 13:19:00
"1227",29.79,316,33.65735728,105.353,0.356,2021-01-15 13:19:00
"1228",29.79,316,33.71003765,104.888,0.31,2021-01-15 13:19:00
"1229",29.76,316,33.66183,105.439,0.365,2021-01-15 13:19:00
"1230",29.76,316,33.65200459,105.525,0.373,2021-01-15 13:19:00
"1231",29.8,316,33.6569991,105.353,0.356,2021-01-15 13:20:00
"1232",29.79,316,33.6639656,106.06,0.427,2021-01-15 13:20:00
"1233",29.77,316,33.65486281,105.56,0.377,2021-01-15 13:20:00
"1234",29.8,316,33.68003069,105.336,0.355,2021-01-15 13:20:00
"1235",29.84,316,33.60945123,105.681,0.389,2021-01-15 13:20:00
"1236",29.81,316,33.64022072,105.112,0.332,2021-01-15 13:20:00
"1237",29.75,316,33.6918563,105.577,0.379,2021-01-15 13:21:00
"1238",29.7,316,33.68723909,105.801,0.401,2021-01-15 13:21:00
"1239",29.63,316,33.68690913,105.425,0.363,2021-01-15 13:21:00
"1240",29.64,316,33.66676297,105.494,0.37,2021-01-15 13:21:00
"1241",29.65,316,33.66631609,105.545,0.375,2021-01-15 13:21:00
"1242",29.58,316,33.65949641,105.442,0.365,2021-01-15 13:21:00
"1243",29.54,316,33.70387661,105.804,0.401,2021-01-15 13:22:00
"1244",29.54,316,33.73670956,105.735,0.394,2021-01-15 13:22:00
"1245",29.53,316,33.70755873,105.701,0.391,2021-01-15 13:22:00
"1246",29.55,316,33.74943839,105.525,0.373,2021-01-15 13:22:00
"1247",29.58,316,33.72188015,105.439,0.365,2021-01-15 13:22:00
"1248",29.59,316,33.72142455,105.681,0.389,2021-01-15 13:22:00
"1249",29.66,316,33.6921831,105.267,0.348,2021-01-15 13:23:00
"1250",29.6,316,33.68485947,105.836,0.404,2021-01-15 13:23:00
"1251",29.6,316,33.68485982,105.474,0.368,2021-01-15 13:23:00
"1252",29.58,316,33.69884499,105.577,0.379,2021-01-15 13:23:00
"1253",29.53,316,33.73053038,106.181,0.439,2021-01-15 13:23:00
"1254",29.54,316,33.7038804,105.508,0.372,2021-01-15 13:23:00
"1255",29.5,316,33.69249136,105.887,0.409,2021-01-15 13:24:00
"1256",29.5,316,33.75156173,106.181,0.439,2021-01-15 13:24:00
"1257",29.5,316,33.6990446,105.767,0.397,2021-01-15 13:24:00
"1258",29.58,316,33.70870689,105.456,0.367,2021-01-15 13:24:00
"1259",29.54,316,5.09448831,105.732,0.394,2021-01-15 13:24:00
"1260",29.53,316,33.69446557,105.56,0.377,2021-01-15 13:24:00
"1261",29.62,316,33.69390545,105.974,0.418,2021-01-15 13:25:00
"1262",29.62,316,33.65450039,105.594,0.38,2021-01-15 13:25:00
"1263",29.65,316,33.64010002,105.267,0.348,2021-01-15 13:25:00
"1264",29.74,316,33.60359175,105.991,0.42,2021-01-15 13:25:00
"1265",29.76,316,33.58315984,105.56,0.377,2021-01-15 13:25:00
"1266",29.76,316,33.57985634,105.456,0.367,2021-01-15 13:25:00
"1267",29.74,316,33.57741937,105.304,0.351,2021-01-15 13:26:00
"1268",29.68,316,33.59629099,105.39,0.36,2021-01-15 13:26:00
"1269",29.65,316,33.59428567,105.545,0.375,2021-01-15 13:26:00
"1270",29.62,316,33.63157974,105.304,0.351,2021-01-15 13:26:00
"1271",29.65,316,33.610661,105.528,0.374,2021-01-15 13:26:00
"1272",29.68,316,33.59629236,105.873,0.408,2021-01-15 13:26:00
"1273",29.69,316,33.56644303,105.649,0.386,2021-01-15 13:27:00
"1274",29.73,316,33.5386383,105.545,0.375,2021-01-15 13:27:00
"1275",29.7,316,33.52034391,105.804,0.401,2021-01-15 13:27:00
"1276",29.73,316,33.54515968,105.942,0.415,2021-01-15 13:27:00
"1277",29.74,316,33.53169414,105.77,0.398,2021-01-15 13:27:00
"1278",29.74,316,33.52517538,105.718,0.393,2021-01-15 13:27:00
"1279",29.75,316,33.51823435,105.925,0.413,2021-01-15 13:28:00
"1280",29.76,316,33.5341484,105.614,0.382,2021-01-15 13:28:00
"1281",29.77,316,33.5108745,105.494,0.37,2021-01-15 13:28:00
"1282",29.76,316,33.51781275,105.373,0.358,2021-01-15 13:28:00
"1283",29.77,316,33.50436024,105.255,0.347,2021-01-15 13:28:00
"1284",29.75,316,33.47913403,105.341,0.355,2021-01-15 13:28:00
"1285",29.76,316,33.52433031,105.462,0.367,2021-01-15 13:29:00
"1286",29.75,316,33.42058451,105.548,0.376,2021-01-15 13:29:00
"1287",29.76,316,33.39742891,105.945,0.415,2021-01-15 13:29:00
"1288",29.77,316,33.40023955,105.376,0.359,2021-01-15 13:29:00
"1289",29.76,316,33.41687938,105.738,0.395,2021-01-15 13:29:00
"1290",29.74,316,33.40474642,105.703,0.391,2021-01-15 13:29:00
"1291",29.75,316,33.404345,105.824,0.403,2021-01-15 13:30:00
"1292",29.74,316,33.41777805,105.514,0.372,2021-01-15 13:30:00
"1293",29.75,316,33.38159223,105.945,0.415,2021-01-15 13:30:00
"1294",29.74,316,33.38850487,105.41,0.362,2021-01-15 13:30:00
"1295",29.73,316,33.38577981,105.6,0.381,2021-01-15 13:30:00
"1296",29.7,316,33.35143231,105.652,0.386,2021-01-15 13:30:00
"1297",29.7,316,33.41617926,105.565,0.377,2021-01-15 13:31:00
"1298",29.73,316,33.38247831,105.703,0.391,2021-01-15 13:31:00
"1299",29.75,316,33.37517023,105.583,0.379,2021-01-15 13:31:00
"1300",29.76,316,33.35532807,105.565,0.377,2021-01-15 13:31:00
"1301",29.75,316,33.36223417,105.134,0.334,2021-01-15 13:31:00
"1302",29.77,316,33.35484633,105.841,0.405,2021-01-15 13:31:00
"1303",29.79,316,33.31198586,105.307,0.352,2021-01-15 13:32:00
"1304",29.8,316,33.30179779,106.048,0.425,2021-01-15 13:32:00
"1305",29.8,316,33.29217443,105.824,0.403,2021-01-15 13:32:00
"1306",29.8,316,33.28567012,105.755,0.396,2021-01-15 13:32:00
"1307",29.8,316,33.2792551,105.703,0.391,2021-01-15 13:32:00
"1308",29.79,316,33.27963561,105.738,0.395,2021-01-15 13:32:00
"1309",29.79,316,33.23775515,105.807,0.401,2021-01-15 13:33:00
"1310",29.79,316,33.26350674,106.203,0.441,2021-01-15 13:33:00
"1311",29.77,316,33.27085773,105.772,0.398,2021-01-15 13:33:00
"1312",29.79,316,33.23775617,106.359,0.456,2021-01-15 13:33:00
"1313",29.77,316,33.23867942,106.393,0.46,2021-01-15 13:33:00
"1314",29.77,316,33.25151511,105.6,0.381,2021-01-15 13:33:00
"1315",29.79,316,33.24746924,105.893,0.41,2021-01-15 13:34:00
"1316",29.76,316,33.28416622,105.824,0.403,2021-01-15 13:34:00
"1317",29.77,316,33.22896566,105.945,0.415,2021-01-15 13:34:00
"1318",29.82,316,33.22684471,105.807,0.401,2021-01-15 13:34:00
"1319",29.82,316,33.17858737,105.617,0.383,2021-01-15 13:34:00
"1320",29.79,316,33.2023895,105.272,0.348,2021-01-15 13:34:00
"1321",29.75,316,33.19770158,104.997,0.321,2021-01-15 13:35:00
"1322",29.73,316,33.17934679,105.568,0.378,2021-01-15 13:35:00
"1323",29.75,316,33.14324093,105.361,0.357,2021-01-15 13:35:00
"1324",29.79,316,33.10940757,105.81,0.402,2021-01-15 13:35:00
"1325",29.76,316,33.1235518,105.879,0.409,2021-01-15 13:35:00
"1326",29.74,316,33.17247941,105.672,0.388,2021-01-15 13:35:00
"1327",29.76,316,33.13638311,106.534,0.474,2021-01-15 13:36:00
"1328",29.77,316,33.19367789,105.637,0.385,2021-01-15 13:36:00
"1329",29.8,316,33.08974171,105.896,0.41,2021-01-15 13:36:00
"1330",29.81,316,33.09571552,105.896,0.41,2021-01-15 13:36:00
"1331",29.81,316,33.0573574,106.241,0.445,2021-01-15 13:36:00
"1332",29.82,316,33.04411656,106.051,0.426,2021-01-15 13:36:00
"1333",29.84,316,33.07519331,106.051,0.426,2021-01-15 13:37:00
"1334",29.81,316,33.02550222,105.879,0.409,2021-01-15 13:37:00
"1335",29.81,316,33.04774801,106.106,0.431,2021-01-15 13:37:00
"1336",29.8,316,33.07692556,105.795,0.4,2021-01-15 13:37:00
"1337",29.8,316,33.05458435,105.554,0.376,2021-01-15 13:37:00
"1338",29.82,316,33.04732152,105.433,0.364,2021-01-15 13:37:00
"1339",29.81,316,32.99996907,105.312,0.352,2021-01-15 13:38:00
"1340",29.79,316,32.91520753,105.571,0.378,2021-01-15 13:38:00
"1341",29.77,316,32.95419551,105.571,0.378,2021-01-15 13:38:00
"1342",29.79,316,32.94688114,105.243,0.345,2021-01-15 13:38:00
"1343",29.79,316,32.89928493,105.657,0.386,2021-01-15 13:38:00
"1344",29.75,316,32.92652349,105.33,0.354,2021-01-15 13:38:00
"1345",29.73,316,32.95610115,105.847,0.405,2021-01-15 13:39:00
"1346",29.68,316,33.19133033,105.83,0.404,2021-01-15 13:39:00
"1347",29.7,316,32.93843473,105.554,0.376,2021-01-15 13:39:00
"1348",29.7,316,32.9163354,105.812,0.402,2021-01-15 13:39:00
"1349",29.73,316,32.78541413,105.571,0.378,2021-01-15 13:39:00
"1350",29.73,316,32.71013154,105.968,0.417,2021-01-15 13:39:00
"1351",29.77,316,32.71436356,105.832,0.404,2021-01-15 13:40:00
"1352",29.85,316,32.53235105,106.039,0.425,2021-01-15 13:40:00
"1353",29.87,316,33.74992882,105.97,0.418,2021-01-15 13:40:00
"1354",29.87,316,33.76321858,105.677,0.388,2021-01-15 13:40:00
"1355",29.86,316,33.73380543,105.901,0.411,2021-01-15 13:40:00
"1356",29.93,316,33.66197005,105.505,0.371,2021-01-15 13:40:00
"1357",29.97,316,33.67368575,105.643,0.385,2021-01-15 13:41:00
"1358",30.03,316,33.65512656,105.539,0.375,2021-01-15 13:41:00
"1359",30.06,316,33.68370826,105.557,0.377,2021-01-15 13:41:00
"1360",30.11,316,33.63587286,105.419,0.363,2021-01-15 13:41:00
"1361",30.18,316,33.60717949,105.591,0.38,2021-01-15 13:41:00
"1362",30.23,316,33.59891627,105.574,0.378,2021-01-15 13:41:00
"1363",30.23,316,33.58581143,105.608,0.382,2021-01-15 13:42:00
"1364",30.28,316,33.57429507,105.332,0.354,2021-01-15 13:42:00
"1365",30.34,316,33.55925666,106.108,0.431,2021-01-15 13:42:00
"1366",30.39,316,33.51493543,105.401,0.361,2021-01-15 13:42:00
"1367",30.4,316,33.53109103,106.16,0.437,2021-01-15 13:42:00
"1368",30.44,316,33.50358418,105.919,0.413,2021-01-15 13:42:00
"1369",30.45,316,33.5197251,105.832,0.404,2021-01-15 13:43:00
"1370",30.45,316,33.49019018,105.867,0.407,2021-01-15 13:43:00
"1371",30.46,316,33.46032012,105.66,0.387,2021-01-15 13:43:00
"1372",30.49,316,33.49559492,105.884,0.409,2021-01-15 13:43:00
"1373",30.51,316,33.4818687,105.574,0.378,2021-01-15 13:43:00
"1374",30.53,316,33.44509096,105.66,0.387,2021-01-15 13:43:00
"1375",30.66,316,33.44489528,105.99,0.42,2021-01-15 13:44:00
"1376",30.78,316,33.37937606,105.714,0.392,2021-01-15 13:44:00
"1377",30.89,316,33.34057187,106.025,0.423,2021-01-15 13:44:00
"1378",30.93,316,33.35279984,105.663,0.387,2021-01-15 13:44:00
"1379",30.96,316,33.31933195,105.542,0.375,2021-01-15 13:44:00
"1380",31,316,33.32169327,105.714,0.392,2021-01-15 13:44:00
"1381",31.09,316,33.27712107,105.852,0.406,2021-01-15 13:45:00
"1382",31.13,316,33.24355796,105.852,0.406,2021-01-15 13:45:00
"1383",31.15,316,33.23988286,105.49,0.37,2021-01-15 13:45:00
"1384",31.15,316,33.23005613,105.232,0.344,2021-01-15 13:45:00
"1385",31.16,316,33.23313372,105.99,0.42,2021-01-15 13:45:00
"1386",31.17,316,33.21656359,106.146,0.435,2021-01-15 13:45:00
"1387",31.2,316,33.21267419,105.87,0.408,2021-01-15 13:46:00
"1388",31.24,316,33.19553957,106.025,0.423,2021-01-15 13:46:00
"1389",31.26,316,33.19518093,106.042,0.425,2021-01-15 13:46:00
"1390",31.31,316,33.17134836,105.577,0.379,2021-01-15 13:46:00
"1391",31.36,316,33.13776717,106.146,0.435,2021-01-15 13:46:00
"1392",31.38,316,33.10149846,105.904,0.411,2021-01-15 13:46:00
"1393",31.43,316,33.07779282,105.852,0.406,2021-01-15 13:47:00
"1394",31.44,316,33.12661355,105.473,0.368,2021-01-15 13:47:00
"1395",31.48,316,33.0737357,105.749,0.396,2021-01-15 13:47:00
"1396",31.48,316,33.08349884,105.87,0.408,2021-01-15 13:47:00
"1397",31.5,316,33.05389149,105.611,0.382,2021-01-15 13:47:00
"1398",31.5,316,33.07669102,106.131,0.434,2021-01-15 13:47:00
"1399",31.53,316,33.01755079,105.321,0.353,2021-01-15 13:48:00
"1400",31.51,316,32.96909203,105.872,0.408,2021-01-15 13:48:00
"1401",31.4,316,32.8837524,105.338,0.355,2021-01-15 13:48:00
"1402",31.37,316,32.87466623,105.752,0.396,2021-01-15 13:48:00
"1403",31.4,316,32.85471221,105.907,0.411,2021-01-15 13:48:00
"1404",31.6,316,32.71583834,105.355,0.356,2021-01-15 13:48:00
"1405",31.61,316,32.73488196,105.321,0.353,2021-01-15 13:49:00
"1406",31.73,316,32.65579312,105.735,0.394,2021-01-15 13:49:00
"1407",31.73,316,32.66223181,105.579,0.379,2021-01-15 13:49:00
"1408",31.85,316,32.54509084,106.114,0.432,2021-01-15 13:49:00
"1409",31.89,316,32.51251829,106.01,0.422,2021-01-15 13:49:00
"1410",31.91,316,32.48671575,105.959,0.417,2021-01-15 13:49:00
"1411",31.82,316,32.52961109,105.924,0.413,2021-01-15 13:50:00
"1412",31.77,316,32.54006283,106.045,0.425,2021-01-15 13:50:00
"1413",31.82,316,32.53603605,105.39,0.36,2021-01-15 13:50:00
"1414",31.8,316,32.54270288,105.683,0.389,2021-01-15 13:50:00
"1415",31.88,316,32.46182192,105.441,0.365,2021-01-15 13:50:00
"1416",31.82,316,32.52327429,105.735,0.394,2021-01-15 13:50:00
"1417",31.83,316,32.5071429,105.735,0.394,2021-01-15 13:51:00
"1418",31.83,316,32.55176217,105.648,0.386,2021-01-15 13:51:00
"1419",31.83,316,32.50080691,105.565,0.377,2021-01-15 13:51:00
"1420",31.85,316,32.47181923,105.565,0.377,2021-01-15 13:51:00
"1421",31.86,316,32.50345959,105.686,0.389,2021-01-15 13:51:00
"1422",31.91,316,32.42636302,105.168,0.338,2021-01-15 13:51:00
"1423",31.85,316,32.47182021,105.996,0.42,2021-01-15 13:52:00
"1424",31.83,316,32.48488216,105.427,0.364,2021-01-15 13:52:00
"1425",31.87,316,32.44285616,106.065,0.427,2021-01-15 13:52:00
"1426",31.92,316,32.38814797,105.996,0.42,2021-01-15 13:52:00
"1427",31.93,316,32.39744945,105.962,0.417,2021-01-15 13:52:00
"1428",31.94,316,32.4353674,106.444,0.465,2021-01-15 13:52:00
"1429",31.93,316,32.41334194,105.944,0.415,2021-01-15 13:53:00
